9.999983310699462891e-01,1.000000000000000000e+00,3.037373069673776627e-03,1.000000000000000000e+00,1.598587632179260254e-02,6.359662307886537747e-08,5.270602703094482422e-01,1.000000000000000000e+00
1.000000000000000000e+00,1.000000000000000000e+00,4.070026043336838484e-04,1.000000000000000000e+00,7.812121883034706116e-03,3.532427605631993650e-12,1.344898194074630737e-01,1.000000000000000000e+00
1.000000000000000000e+00,1.000000000000000000e+00,3.783927482459148450e-08,1.000000000000000000e+00,1.004025648398965131e-06,6.119430555597075430e-17,9.999952316284179688e-01,1.000000000000000000e+00
1.000000000000000000e+00,1.000000000000000000e+00,4.183606870356015861e-05,1.000000000000000000e+00,4.087854176759719849e-04,2.090513526176174253e-11,9.887138009071350098e-01,1.000000000000000000e+00
9.999982118606567383e-01,1.000000000000000000e+00,5.902495235204696655e-03,1.000000000000000000e+00,3.301169350743293762e-02,1.110629739287105622e-07,3.050333559513092041e-01,1.000000000000000000e+00
1.000000000000000000e+00,1.000000000000000000e+00,7.824830561276030494e-08,1.000000000000000000e+00,2.277902240166440606e-06,8.576777029466737374e-17,9.999805688858032227e-01,1.000000000000000000e+00
1.000000000000000000e+00,1.000000000000000000e+00,9.377465914894855814e-08,1.000000000000000000e+00,4.000803528469987214e-06,1.648053145754725961e-17,9.999376535415649414e-01,1.000000000000000000e+00
1.000000000000000000e+00,1.000000000000000000e+00,1.018752755044260994e-05,1.000000000000000000e+00,1.356000284431502223e-04,2.070449280772157508e-12,9.988547563552856445e-01,1.000000000000000000e+00
1.000000000000000000e+00,1.000000000000000000e+00,4.100071237189695239e-05,1.000000000000000000e+00,3.153671277686953545e-04,1.164136981257613002e-10,9.975904226303100586e-01,1.000000000000000000e+00
9.849206805229187012e-01,9.999846220016479492e-01,1.415568441152572632e-01,1.000000000000000000e+00,2.408635765314102173e-01,2.040138933807611465e-03,9.465504437685012817e-02,9.987158775329589844e-01
1.000000000000000000e+00,1.000000000000000000e+00,1.825607760110870004e-04,1.000000000000000000e+00,2.176428912207484245e-03,8.237305282321472077e-11,9.302490353584289551e-01,1.000000000000000000e+00
1.000000000000000000e+00,1.000000000000000000e+00,6.159814325279455716e-11,1.000000000000000000e+00,6.406031705097348095e-09,4.019842690945402233e-23,1.000000000000000000e+00,1.000000000000000000e+00
1.000000000000000000e+00,1.000000000000000000e+00,1.936553246650873916e-07,1.000000000000000000e+00,6.820891940151341259e-06,1.199196291847034307e-16,9.999014139175415039e-01,1.000000000000000000e+00
1.000000000000000000e+00,1.000000000000000000e+00,1.185380551760317758e-05,1.000000000000000000e+00,2.579582214821130037e-04,1.406000018017508624e-13,9.900336861610412598e-01,1.000000000000000000e+00
1.000000000000000000e+00,1.000000000000000000e+00,2.330989778097630055e-14,1.000000000000000000e+00,7.924349544607967033e-12,7.150962837182116197e-30,1.000000000000000000e+00,1.000000000000000000e+00
1.000000000000000000e+00,1.000000000000000000e+00,4.284936934353250626e-13,1.000000000000000000e+00,1.362258084114387202e-10,3.845919357861009277e-28,1.000000000000000000e+00,1.000000000000000000e+00
1.000000000000000000e+00,1.000000000000000000e+00,5.290623494857982223e-10,1.000000000000000000e+00,4.097164563177102536e-08,2.382488978789775326e-21,9.999997615814208984e-01,1.000000000000000000e+00
1.000000000000000000e+00,1.000000000000000000e+00,7.276896667463006452e-07,1.000000000000000000e+00,1.236142270499840379e-05,3.192247288448350762e-14,9.999512434005737305e-01,1.000000000000000000e+00
1.000000000000000000e+00,1.000000000000000000e+00,1.820886126324694487e-07,1.000000000000000000e+00,9.047636012837756425e-06,1.349495952133817746e-17,9.995834231376647949e-01,1.000000000000000000e+00
1.000000000000000000e+00,1.000000000000000000e+00,3.424708438615198247e-06,1.000000000000000000e+00,7.630848995177075267e-05,3.003200715456094683e-14,9.982137680053710938e-01,1.000000000000000000e+00
1.000000000000000000e+00,1.000000000000000000e+00,2.988926922804779895e-13,1.000000000000000000e+00,4.623927629676671813e-11,8.902960146435920698e-27,1.000000000000000000e+00,1.000000000000000000e+00
1.000000000000000000e+00,1.000000000000000000e+00,5.841963737900247996e-17,1.000000000000000000e+00,4.304520810432220512e-14,1.119457593804753443e-34,1.000000000000000000e+00,1.000000000000000000e+00
1.000000000000000000e+00,1.000000000000000000e+00,5.264204946858253888e-16,1.000000000000000000e+00,4.357697742148752829e-13,1.194711112064339485e-33,1.000000000000000000e+00,1.000000000000000000e+00
1.000000000000000000e+00,1.000000000000000000e+00,8.138627575690615679e-13,1.000000000000000000e+00,1.376293107258064197e-10,1.757235429442424600e-26,1.000000000000000000e+00,1.000000000000000000e+00
1.000000000000000000e+00,1.000000000000000000e+00,2.922162734009248197e-09,1.000000000000000000e+00,2.204878200018356438e-07,2.131125673520459394e-20,9.999980926513671875e-01,1.000000000000000000e+00
1.000000000000000000e+00,1.000000000000000000e+00,4.067936060891952366e-06,1.000000000000000000e+00,7.368290243903174996e-05,1.716749843411885523e-13,9.993582367897033691e-01,1.000000000000000000e+00
1.000000000000000000e+00,1.000000000000000000e+00,2.426235390373676637e-08,1.000000000000000000e+00,8.931429533731716219e-07,9.373931647528580186e-18,9.999953508377075195e-01,1.000000000000000000e+00
1.000000000000000000e+00,1.000000000000000000e+00,4.965904532201748101e-13,1.000000000000000000e+00,9.406257023281128227e-11,5.677683076140370059e-27,1.000000000000000000e+00,1.000000000000000000e+00
1.000000000000000000e+00,1.000000000000000000e+00,8.170933547824166254e-13,1.000000000000000000e+00,1.381102870956496531e-10,2.015034094747882401e-26,1.000000000000000000e+00,1.000000000000000000e+00
1.000000000000000000e+00,1.000000000000000000e+00,5.166243003057804928e-14,1.000000000000000000e+00,1.295639984189023153e-11,1.014246468081573807e-28,1.000000000000000000e+00,1.000000000000000000e+00
1.000000000000000000e+00,1.000000000000000000e+00,1.245537130872094098e-14,1.000000000000000000e+00,2.711569684066272856e-12,4.497739153071067501e-29,1.000000000000000000e+00,1.000000000000000000e+00
1.000000000000000000e+00,1.000000000000000000e+00,1.818867900738041499e-07,1.000000000000000000e+00,6.882161414978327230e-06,9.255683201113919689e-17,9.999197721481323242e-01,1.000000000000000000e+00
1.000000000000000000e+00,1.000000000000000000e+00,2.414312257315032184e-05,1.000000000000000000e+00,3.916633722838014364e-04,2.713437547569030883e-12,9.947292208671569824e-01,1.000000000000000000e+00
1.000000000000000000e+00,1.000000000000000000e+00,5.131619036546908319e-05,1.000000000000000000e+00,3.797569079324603081e-04,2.012024019615310522e-10,9.962285757064819336e-01,1.000000000000000000e+00
1.000000000000000000e+00,1.000000000000000000e+00,2.237813206225000573e-13,1.000000000000000000e+00,2.743471595734181534e-11,1.955438118548763775e-26,1.000000000000000000e+00,1.000000000000000000e+00
1.000000000000000000e+00,1.000000000000000000e+00,7.214851494019569600e-10,1.000000000000000000e+00,3.455525643403234426e-08,3.980418956999311454e-20,9.999998807907104492e-01,1.000000000000000000e+00
1.000000000000000000e+00,1.000000000000000000e+00,9.648293826103326865e-07,1.000000000000000000e+00,1.759713632054626942e-05,2.572764829682824134e-14,9.998935461044311523e-01,1.000000000000000000e+00
1.000000000000000000e+00,1.000000000000000000e+00,5.778138074674643576e-05,1.000000000000000000e+00,9.097720612771809101e-04,5.187467642941978596e-12,9.655146002769470215e-01,1.000000000000000000e+00
1.000000000000000000e+00,1.000000000000000000e+00,4.101119338884018362e-05,1.000000000000000000e+00,4.327430215198546648e-04,4.127080621696421758e-11,9.967085123062133789e-01,1.000000000000000000e+00
1.000000000000000000e+00,1.000000000000000000e+00,1.746707084526732956e-10,1.000000000000000000e+00,1.255245152265160868e-08,8.111175869872022453e-22,1.000000000000000000e+00,1.000000000000000000e+00
1.000000000000000000e+00,1.000000000000000000e+00,2.603847860882524401e-06,1.000000000000000000e+00,6.906939233886078000e-05,2.384733171567968157e-15,9.906946420669555664e-01,1.000000000000000000e+00
1.000000000000000000e+00,1.000000000000000000e+00,2.038525999523699284e-04,1.000000000000000000e+00,2.053005853667855263e-03,2.824449563121333995e-10,9.628691077232360840e-01,1.000000000000000000e+00
1.000000000000000000e+00,1.000000000000000000e+00,2.823539457796897523e-10,1.000000000000000000e+00,1.061924859158125400e-08,4.283924771559515227e-20,1.000000000000000000e+00,1.000000000000000000e+00
9.999948740005493164e-01,9.999996423721313477e-01,2.290949691087007523e-03,1.000000000000000000e+00,8.494142442941665649e-03,7.242591664180508815e-07,9.398305416107177734e-01,9.999998807907104492e-01
1.000000000000000000e+00,1.000000000000000000e+00,1.698391453542211975e-16,1.000000000000000000e+00,9.493746019634697469e-15,7.723316596215569634e-28,1.000000000000000000e+00,1.000000000000000000e+00
9.999746084213256836e-01,9.999790191650390625e-01,4.852816055063158274e-04,1.000000000000000000e+00,1.203472726047039032e-03,1.530673785055114422e-06,9.971861243247985840e-01,9.999990463256835938e-01
1.000000000000000000e+00,1.000000000000000000e+00,8.420538506470620632e-07,1.000000000000000000e+00,1.604584213055204600e-05,2.929626501921344175e-15,9.991987347602844238e-01,1.000000000000000000e+00
9.999984502792358398e-01,1.000000000000000000e+00,1.302186865359544754e-02,1.000000000000000000e+00,8.871496468782424927e-02,2.403638461601076415e-07,2.044009715318679810e-01,1.000000000000000000e+00
1.000000000000000000e+00,1.000000000000000000e+00,5.249104287941008806e-05,1.000000000000000000e+00,6.934947450645267963e-04,2.869063667199078793e-11,9.936615228652954102e-01,1.000000000000000000e+00
1.000000000000000000e+00,1.000000000000000000e+00,7.738733959206101076e-11,1.000000000000000000e+00,2.475300187043671940e-09,1.921444758643643456e-20,1.000000000000000000e+00,1.000000000000000000e+00
1.000000000000000000e+00,9.999980926513671875e-01,2.043109334059350912e-13,1.000000000000000000e+00,1.608584793144629543e-12,6.311845091068036707e-19,1.000000000000000000e+00,1.000000000000000000e+00
1.000000000000000000e+00,1.000000000000000000e+00,3.847070452579587319e-17,1.000000000000000000e+00,4.258582656164241337e-15,1.349687943444652255e-30,1.000000000000000000e+00,1.000000000000000000e+00
1.000000000000000000e+00,1.000000000000000000e+00,6.298873644894342760e-10,1.000000000000000000e+00,1.078372058316290349e-08,5.019973435536806804e-18,1.000000000000000000e+00,1.000000000000000000e+00
1.000000000000000000e+00,1.000000000000000000e+00,9.550899449095595628e-08,1.000000000000000000e+00,3.988407115684822202e-06,2.670170450184450350e-17,9.999402761459350586e-01,1.000000000000000000e+00
1.000000000000000000e+00,1.000000000000000000e+00,8.652213168147682154e-09,1.000000000000000000e+00,4.154148030011128867e-07,1.251616807623760242e-18,9.999983310699462891e-01,1.000000000000000000e+00
1.000000000000000000e+00,1.000000000000000000e+00,1.712342054815962911e-04,1.000000000000000000e+00,2.111269393935799599e-03,1.678712308050833713e-10,9.744139909744262695e-01,1.000000000000000000e+00
1.000000000000000000e+00,1.000000000000000000e+00,1.398749471803739652e-08,1.000000000000000000e+00,2.135686543169867946e-07,3.970418500557861734e-16,9.999997615814208984e-01,1.000000000000000000e+00
1.000000000000000000e+00,1.000000000000000000e+00,2.845579372352724894e-19,1.000000000000000000e+00,3.327812786133099515e-17,1.227132715627956702e-32,1.000000000000000000e+00,1.000000000000000000e+00
1.000000000000000000e+00,1.000000000000000000e+00,2.259312172837182844e-21,1.000000000000000000e+00,2.001000437331322107e-19,6.579223055275630794e-34,1.000000000000000000e+00,1.000000000000000000e+00
1.000000000000000000e+00,9.999991655349731445e-01,2.094386540281781284e-13,1.000000000000000000e+00,1.668572181465211024e-12,4.375257595777130999e-19,1.000000000000000000e+00,1.000000000000000000e+00
1.000000000000000000e+00,1.000000000000000000e+00,1.547707600101089209e-12,1.000000000000000000e+00,3.256188374489710213e-11,2.811276709338033682e-21,1.000000000000000000e+00,1.000000000000000000e+00
1.000000000000000000e+00,1.000000000000000000e+00,2.229389531327192336e-14,1.000000000000000000e+00,1.411953453461789465e-12,3.540665663170053321e-26,1.000000000000000000e+00,1.000000000000000000e+00
1.000000000000000000e+00,1.000000000000000000e+00,6.288810444621262263e-11,1.000000000000000000e+00,1.442602148848948218e-09,8.260347735341856644e-20,1.000000000000000000e+00,1.000000000000000000e+00
1.000000000000000000e+00,1.000000000000000000e+00,8.707075176062062383e-05,1.000000000000000000e+00,1.381055451929569244e-03,2.185172182089800685e-11,9.792612195014953613e-01,1.000000000000000000e+00
1.000000000000000000e+00,1.000000000000000000e+00,7.670523336855694652e-05,1.000000000000000000e+00,8.847817080095410347e-04,9.029429287599199938e-11,9.933331608772277832e-01,1.000000000000000000e+00
9.999178647994995117e-01,9.999998807907104492e-01,3.576357662677764893e-02,1.000000000000000000e+00,1.263855099678039551e-01,1.939051617227960378e-05,2.451019734144210815e-01,9.999974966049194336e-01
1.000000000000000000e+00,1.000000000000000000e+00,1.006559614324942231e-06,1.000000000000000000e+00,2.315055462531745434e-05,1.073777399190466858e-14,9.998063445091247559e-01,1.000000000000000000e+00
9.998521804809570312e-01,1.000000000000000000e+00,6.381321698427200317e-02,1.000000000000000000e+00,2.212186157703399658e-01,1.879113005998078734e-05,6.088740751147270203e-02,9.999963045120239258e-01
1.000000000000000000e+00,1.000000000000000000e+00,4.785363371348413657e-25,1.000000000000000000e+00,5.524928082500847608e-23,3.793372676424009993e-38,1.000000000000000000e+00,1.000000000000000000e+00
1.000000000000000000e+00,1.000000000000000000e+00,1.424627790269935621e-26,1.000000000000000000e+00,8.831668598574681037e-24,0.000000000000000000e+00,1.000000000000000000e+00,1.000000000000000000e+00
1.000000000000000000e+00,1.000000000000000000e+00,1.971949131369435103e-25,1.000000000000000000e+00,6.634783432032255062e-23,0.000000000000000000e+00,1.000000000000000000e+00,1.000000000000000000e+00
1.000000000000000000e+00,9.999727010726928711e-01,5.570282801095789715e-14,1.000000000000000000e+00,3.628230257467918163e-13,6.147078467865716279e-19,1.000000000000000000e+00,1.000000000000000000e+00
1.000000000000000000e+00,1.000000000000000000e+00,1.372480836358440977e-15,1.000000000000000000e+00,2.346209096687305873e-14,1.578287739255429165e-23,1.000000000000000000e+00,1.000000000000000000e+00
1.000000000000000000e+00,1.000000000000000000e+00,1.367237321911855084e-18,1.000000000000000000e+00,8.083951423186014036e-17,2.190324954960626733e-30,1.000000000000000000e+00,1.000000000000000000e+00
1.000000000000000000e+00,1.000000000000000000e+00,3.691961948850405415e-19,1.000000000000000000e+00,8.717356209134001916e-18,3.117491726882438449e-28,1.000000000000000000e+00,1.000000000000000000e+00
1.000000000000000000e+00,9.993083477020263672e-01,6.529672358368543428e-10,1.000000000000000000e+00,2.004949539724520946e-09,3.407340869957670160e-13,1.000000000000000000e+00,1.000000000000000000e+00
1.000000000000000000e+00,1.000000000000000000e+00,4.230751016989948987e-14,1.000000000000000000e+00,1.744125135115515146e-12,5.400108869721306790e-25,1.000000000000000000e+00,1.000000000000000000e+00
1.000000000000000000e+00,9.999998807907104492e-01,2.322734019011285511e-11,1.000000000000000000e+00,1.770984747739845488e-10,1.043665276668669504e-17,1.000000000000000000e+00,1.000000000000000000e+00
1.000000000000000000e+00,9.999992847442626953e-01,3.306399065650111879e-08,1.000000000000000000e+00,1.709268104832517565e-07,2.991767532496691917e-13,1.000000000000000000e+00,1.000000000000000000e+00
1.000000000000000000e+00,1.000000000000000000e+00,1.002259111260173086e-07,1.000000000000000000e+00,1.022890387503139209e-06,4.263721605055233177e-14,9.999986886978149414e-01,1.000000000000000000e+00
1.000000000000000000e+00,9.999992847442626953e-01,7.323424644489762159e-10,1.000000000000000000e+00,4.413247101098249914e-09,1.317291832932847642e-14,1.000000000000000000e+00,1.000000000000000000e+00
1.000000000000000000e+00,1.000000000000000000e+00,1.055819269305466815e-31,1.000000000000000000e+00,1.372037981281808325e-27,0.000000000000000000e+00,1.000000000000000000e+00,1.000000000000000000e+00
1.000000000000000000e+00,1.000000000000000000e+00,7.545763852498342076e-19,1.000000000000000000e+00,1.514659353196464548e-17,6.133140856084663182e-27,1.000000000000000000e+00,1.000000000000000000e+00
1.000000000000000000e+00,1.000000000000000000e+00,1.985876963689177830e-25,1.000000000000000000e+00,2.498949473482414048e-23,7.760631918766700807e-39,1.000000000000000000e+00,1.000000000000000000e+00
1.000000000000000000e+00,1.000000000000000000e+00,2.286568751261694494e-24,1.000000000000000000e+00,2.528079582357329307e-22,1.137618374370359162e-37,1.000000000000000000e+00,1.000000000000000000e+00
1.000000000000000000e+00,1.000000000000000000e+00,2.730663979023898379e-27,1.000000000000000000e+00,1.890656226225504615e-24,0.000000000000000000e+00,1.000000000000000000e+00,1.000000000000000000e+00
1.000000000000000000e+00,9.999675750732421875e-01,1.209013408999667569e-14,1.000000000000000000e+00,7.635940355498957444e-14,9.719711470796192632e-20,1.000000000000000000e+00,1.000000000000000000e+00
1.000000000000000000e+00,1.000000000000000000e+00,3.719969353813261810e-18,1.000000000000000000e+00,5.771391996759673887e-17,6.240382182066384309e-26,1.000000000000000000e+00,1.000000000000000000e+00
1.000000000000000000e+00,1.000000000000000000e+00,8.313732341447277463e-11,1.000000000000000000e+00,1.073393041117753910e-09,2.225128255476832741e-18,1.000000000000000000e+00,1.000000000000000000e+00
1.000000000000000000e+00,1.000000000000000000e+00,3.173153751669263611e-19,1.000000000000000000e+00,1.150820652042565113e-17,4.717835630821856056e-29,1.000000000000000000e+00,1.000000000000000000e+00
1.000000000000000000e+00,1.000000000000000000e+00,2.995148296633488042e-20,1.000000000000000000e+00,4.199788289424140084e-18,3.361261581740280140e-34,1.000000000000000000e+00,1.000000000000000000e+00
1.000000000000000000e+00,1.000000000000000000e+00,1.904625307342424250e-26,1.000000000000000000e+00,1.020061442614543777e-23,0.000000000000000000e+00,1.000000000000000000e+00,1.000000000000000000e+00
1.000000000000000000e+00,1.000000000000000000e+00,2.824111207335285085e-28,1.000000000000000000e+00,1.228251622307974190e-25,0.000000000000000000e+00,1.000000000000000000e+00,1.000000000000000000e+00
1.000000000000000000e+00,1.000000000000000000e+00,1.299464391610293893e-21,1.000000000000000000e+00,5.444989406668756617e-20,5.073457128036009330e-32,1.000000000000000000e+00,1.000000000000000000e+00
1.000000000000000000e+00,1.000000000000000000e+00,1.951562146017085575e-27,1.000000000000000000e+00,6.977977605506927814e-25,0.000000000000000000e+00,1.000000000000000000e+00,1.000000000000000000e+00
1.000000000000000000e+00,1.000000000000000000e+00,7.930725769716464225e-28,1.000000000000000000e+00,6.334838044926735888e-25,0.000000000000000000e+00,1.000000000000000000e+00,1.000000000000000000e+00
1.000000000000000000e+00,1.000000000000000000e+00,4.473401423845843855e-24,1.000000000000000000e+00,4.157585756714915523e-22,7.979120805869946241e-37,1.000000000000000000e+00,1.000000000000000000e+00
1.000000000000000000e+00,8.902445435523986816e-01,7.338430080704221254e-17,1.000000000000000000e+00,2.847885969626732074e-16,3.577537731598518318e-20,1.000000000000000000e+00,1.000000000000000000e+00
1.000000000000000000e+00,9.999998807907104492e-01,3.238086188983757454e-18,1.000000000000000000e+00,5.117423997091985271e-17,6.665850613511843803e-26,1.000000000000000000e+00,1.000000000000000000e+00
1.000000000000000000e+00,1.000000000000000000e+00,1.032129515628705338e-22,1.000000000000000000e+00,1.360773661519531834e-20,8.013039851770252741e-37,1.000000000000000000e+00,1.000000000000000000e+00
1.000000000000000000e+00,9.999998807907104492e-01,1.388367071633093389e-16,1.000000000000000000e+00,1.869293929647702739e-15,5.941641567987221953e-24,1.000000000000000000e+00,1.000000000000000000e+00
9.969944953918457031e-01,9.674089550971984863e-01,1.124523812904953957e-03,1.000000000000000000e+00,1.366919372230768204e-03,2.892604097723960876e-04,9.990923404693603516e-01,9.996877908706665039e-01
1.000000000000000000e+00,1.000000000000000000e+00,2.712240696790824135e-13,1.000000000000000000e+00,1.072111323330293686e-11,7.202371062149307674e-24,1.000000000000000000e+00,1.000000000000000000e+00
1.000000000000000000e+00,1.000000000000000000e+00,1.377881275239034306e-19,1.000000000000000000e+00,2.605025013862224102e-17,3.591829058935561960e-34,1.000000000000000000e+00,1.000000000000000000e+00
1.000000000000000000e+00,1.000000000000000000e+00,2.457227330719349817e-28,1.000000000000000000e+00,5.883089451980937031e-25,0.000000000000000000e+00,1.000000000000000000e+00,1.000000000000000000e+00
1.000000000000000000e+00,1.000000000000000000e+00,1.820748139276788167e-29,1.000000000000000000e+00,5.523444437283733847e-26,0.000000000000000000e+00,1.000000000000000000e+00,1.000000000000000000e+00
1.000000000000000000e+00,1.000000000000000000e+00,8.664357835165221604e-30,1.000000000000000000e+00,3.540841307980981437e-26,0.000000000000000000e+00,1.000000000000000000e+00,1.000000000000000000e+00
1.000000000000000000e+00,1.000000000000000000e+00,3.542916651570454235e-29,1.000000000000000000e+00,1.095785359546163243e-25,0.000000000000000000e+00,1.000000000000000000e+00,1.000000000000000000e+00
1.000000000000000000e+00,1.000000000000000000e+00,2.299511049791783295e-27,1.000000000000000000e+00,2.012040423079351060e-24,0.000000000000000000e+00,1.000000000000000000e+00,1.000000000000000000e+00
1.000000000000000000e+00,1.000000000000000000e+00,1.137434503632470970e-25,1.000000000000000000e+00,1.857281177933504570e-23,0.000000000000000000e+00,1.000000000000000000e+00,1.000000000000000000e+00
1.000000000000000000e+00,1.000000000000000000e+00,3.408202732852528867e-22,1.000000000000000000e+00,8.420340783239664512e-21,4.652312766966908385e-31,1.000000000000000000e+00,1.000000000000000000e+00
1.000000000000000000e+00,1.000000000000000000e+00,6.545623435249899524e-28,1.000000000000000000e+00,2.879201295169884834e-25,0.000000000000000000e+00,1.000000000000000000e+00,1.000000000000000000e+00
1.000000000000000000e+00,1.000000000000000000e+00,1.352324898076299335e-25,1.000000000000000000e+00,3.701077567553161164e-23,0.000000000000000000e+00,1.000000000000000000e+00,1.000000000000000000e+00
1.000000000000000000e+00,1.000000000000000000e+00,8.233986648065183545e-08,1.000000000000000000e+00,6.671202186225855257e-07,7.994142457376507416e-14,9.999996423721313477e-01,1.000000000000000000e+00
1.000000000000000000e+00,1.000000000000000000e+00,7.157244873600427662e-21,1.000000000000000000e+00,1.123038198847292514e-18,5.414335015493370086e-35,1.000000000000000000e+00,1.000000000000000000e+00
1.000000000000000000e+00,1.000000000000000000e+00,5.283948165838479209e-21,1.000000000000000000e+00,9.567238173213088021e-19,1.881680330698765059e-35,1.000000000000000000e+00,1.000000000000000000e+00
1.000000000000000000e+00,1.000000000000000000e+00,1.185249449437795578e-21,1.000000000000000000e+00,1.177476738567603083e-19,2.626274784927769472e-34,1.000000000000000000e+00,1.000000000000000000e+00
1.000000000000000000e+00,1.000000000000000000e+00,8.958631693705960341e-26,1.000000000000000000e+00,3.034035403215636798e-23,0.000000000000000000e+00,1.000000000000000000e+00,1.000000000000000000e+00
1.000000000000000000e+00,1.000000000000000000e+00,1.239949674567863596e-26,1.000000000000000000e+00,3.014605916892224321e-24,0.000000000000000000e+00,1.000000000000000000e+00,1.000000000000000000e+00
1.000000000000000000e+00,1.000000000000000000e+00,3.229735968820705565e-32,1.000000000000000000e+00,1.802917428461820421e-28,0.000000000000000000e+00,1.000000000000000000e+00,1.000000000000000000e+00
1.000000000000000000e+00,1.000000000000000000e+00,6.880703285292472925e-33,1.000000000000000000e+00,3.128235346521270358e-29,0.000000000000000000e+00,1.000000000000000000e+00,1.000000000000000000e+00
1.000000000000000000e+00,1.000000000000000000e+00,1.143936841401016246e-30,1.000000000000000000e+00,2.885872939905115768e-27,0.000000000000000000e+00,1.000000000000000000e+00,1.000000000000000000e+00
1.000000000000000000e+00,1.000000000000000000e+00,2.171769453371950448e-32,1.000000000000000000e+00,8.951718168540118898e-29,0.000000000000000000e+00,1.000000000000000000e+00,1.000000000000000000e+00
1.000000000000000000e+00,1.000000000000000000e+00,8.513738828768371867e-31,1.000000000000000000e+00,1.177575294053073611e-27,0.000000000000000000e+00,1.000000000000000000e+00,1.000000000000000000e+00
1.000000000000000000e+00,1.000000000000000000e+00,6.527666305189675985e-29,1.000000000000000000e+00,2.878881313465204561e-26,0.000000000000000000e+00,1.000000000000000000e+00,1.000000000000000000e+00
1.000000000000000000e+00,1.000000000000000000e+00,1.469526677670180416e-24,1.000000000000000000e+00,6.334554331102173151e-23,3.023525868742839093e-35,1.000000000000000000e+00,1.000000000000000000e+00
1.000000000000000000e+00,9.999998807907104492e-01,2.733576491114600091e-16,1.000000000000000000e+00,3.707126091019065373e-15,1.283824343795517107e-23,1.000000000000000000e+00,1.000000000000000000e+00
1.000000000000000000e+00,1.000000000000000000e+00,2.675363826112182107e-22,1.000000000000000000e+00,6.593768147859598096e-20,1.054712960961939999e-37,1.000000000000000000e+00,1.000000000000000000e+00
1.000000000000000000e+00,1.000000000000000000e+00,2.103326966378755270e-27,1.000000000000000000e+00,5.515446743559473636e-25,0.000000000000000000e+00,1.000000000000000000e+00,1.000000000000000000e+00
1.000000000000000000e+00,1.000000000000000000e+00,1.447693275788765319e-24,1.000000000000000000e+00,7.176269421843972089e-22,0.000000000000000000e+00,1.000000000000000000e+00,1.000000000000000000e+00
1.000000000000000000e+00,1.000000000000000000e+00,4.909602913359776735e-32,1.000000000000000000e+00,3.555035084263024820e-28,0.000000000000000000e+00,1.000000000000000000e+00,1.000000000000000000e+00
1.000000000000000000e+00,1.000000000000000000e+00,4.569036703454090709e-30,1.000000000000000000e+00,1.809533671896271112e-26,0.000000000000000000e+00,1.000000000000000000e+00,1.000000000000000000e+00
1.000000000000000000e+00,1.000000000000000000e+00,1.349930490247023522e-29,1.000000000000000000e+00,5.030400824842361634e-26,0.000000000000000000e+00,1.000000000000000000e+00,1.000000000000000000e+00
1.000000000000000000e+00,1.000000000000000000e+00,1.678170943640693476e-29,1.000000000000000000e+00,4.204740790987954035e-26,0.000000000000000000e+00,1.000000000000000000e+00,1.000000000000000000e+00
1.000000000000000000e+00,1.000000000000000000e+00,0.000000000000000000e+00,1.000000000000000000e+00,0.000000000000000000e+00,0.000000000000000000e+00,1.000000000000000000e+00,1.000000000000000000e+00
1.000000000000000000e+00,1.000000000000000000e+00,6.092796720037526571e-35,1.000000000000000000e+00,1.083330421542676549e-30,0.000000000000000000e+00,1.000000000000000000e+00,1.000000000000000000e+00
1.000000000000000000e+00,1.000000000000000000e+00,3.030187637314663709e-28,1.000000000000000000e+00,1.795158253457452792e-25,0.000000000000000000e+00,1.000000000000000000e+00,1.000000000000000000e+00
1.000000000000000000e+00,1.000000000000000000e+00,1.559955588187537457e-28,1.000000000000000000e+00,1.606581177323886361e-25,0.000000000000000000e+00,1.000000000000000000e+00,1.000000000000000000e+00
1.000000000000000000e+00,1.000000000000000000e+00,5.576876821363231115e-28,1.000000000000000000e+00,6.094172976259491810e-26,0.000000000000000000e+00,1.000000000000000000e+00,1.000000000000000000e+00
1.000000000000000000e+00,1.000000000000000000e+00,3.012055529585644790e-23,1.000000000000000000e+00,8.601263722067373083e-22,2.094186385407297915e-32,1.000000000000000000e+00,1.000000000000000000e+00
1.000000000000000000e+00,1.000000000000000000e+00,1.442160413577539893e-15,1.000000000000000000e+00,2.750855539722114190e-14,1.888624357191926855e-23,1.000000000000000000e+00,1.000000000000000000e+00
1.000000000000000000e+00,9.999998807907104492e-01,2.106220049805599949e-17,1.000000000000000000e+00,3.469036405671991870e-16,9.697095357180312722e-25,1.000000000000000000e+00,1.000000000000000000e+00
1.000000000000000000e+00,1.000000000000000000e+00,8.031829841887741214e-22,1.000000000000000000e+00,4.470221032025515650e-20,1.045849299275288198e-32,1.000000000000000000e+00,1.000000000000000000e+00
1.000000000000000000e+00,1.000000000000000000e+00,1.361801471034395728e-28,1.000000000000000000e+00,2.756738528243374961e-25,0.000000000000000000e+00,1.000000000000000000e+00,1.000000000000000000e+00
1.000000000000000000e+00,1.000000000000000000e+00,7.009618281379214668e-33,1.000000000000000000e+00,4.020627625168356131e-29,0.000000000000000000e+00,1.000000000000000000e+00,1.000000000000000000e+00
1.000000000000000000e+00,1.000000000000000000e+00,6.784416729265570235e-35,1.000000000000000000e+00,1.176141436952528161e-30,0.000000000000000000e+00,1.000000000000000000e+00,1.000000000000000000e+00
1.000000000000000000e+00,1.000000000000000000e+00,2.300598421409722491e-35,1.000000000000000000e+00,4.015963602126666331e-31,0.000000000000000000e+00,1.000000000000000000e+00,1.000000000000000000e+00
1.000000000000000000e+00,1.000000000000000000e+00,0.000000000000000000e+00,1.000000000000000000e+00,2.382969471509027429e-37,0.000000000000000000e+00,1.000000000000000000e+00,1.000000000000000000e+00
1.000000000000000000e+00,1.000000000000000000e+00,1.103023838397147271e-33,1.000000000000000000e+00,7.086549508338977473e-30,0.000000000000000000e+00,1.000000000000000000e+00,1.000000000000000000e+00
1.000000000000000000e+00,1.000000000000000000e+00,9.669699284666434930e-30,1.000000000000000000e+00,1.497240433628387595e-26,0.000000000000000000e+00,1.000000000000000000e+00,1.000000000000000000e+00
1.000000000000000000e+00,9.999998807907104492e-01,9.980729767115721019e-21,1.000000000000000000e+00,1.935445081316787550e-19,6.636687782663468817e-29,1.000000000000000000e+00,1.000000000000000000e+00
1.000000000000000000e+00,1.000000000000000000e+00,2.723024151432994098e-23,1.000000000000000000e+00,1.722910183300336260e-21,4.584301120427853056e-35,1.000000000000000000e+00,1.000000000000000000e+00
1.000000000000000000e+00,9.998311996459960938e-01,2.208880877282642740e-19,1.000000000000000000e+00,2.121232716178947359e-18,2.014520010119687005e-25,1.000000000000000000e+00,1.000000000000000000e+00
1.000000000000000000e+00,1.000000000000000000e+00,1.431952049463145792e-24,1.000000000000000000e+00,1.168735296408379598e-22,7.298405436726128240e-37,1.000000000000000000e+00,1.000000000000000000e+00
1.000000000000000000e+00,1.000000000000000000e+00,1.364199118253361931e-12,1.000000000000000000e+00,1.375347752352595876e-11,2.942522872192408354e-19,1.000000000000000000e+00,1.000000000000000000e+00
1.000000000000000000e+00,9.999998807907104492e-01,1.964488641204020780e-11,1.000000000000000000e+00,1.595980153590303985e-10,2.277410206093246855e-17,1.000000000000000000e+00,1.000000000000000000e+00
1.000000000000000000e+00,1.000000000000000000e+00,4.613617647641898856e-12,1.000000000000000000e+00,7.504157711890613314e-11,3.085136176873880876e-20,1.000000000000000000e+00,1.000000000000000000e+00
1.000000000000000000e+00,1.000000000000000000e+00,1.061035242351670533e-17,1.000000000000000000e+00,2.337429504897808484e-16,7.221345508850685383e-26,1.000000000000000000e+00,1.000000000000000000e+00
1.000000000000000000e+00,9.999997615814208984e-01,4.959621838121694161e-23,1.000000000000000000e+00,1.331234710649900768e-21,2.053988063866945690e-31,1.000000000000000000e+00,1.000000000000000000e+00
1.000000000000000000e+00,1.000000000000000000e+00,1.433051031311731814e-23,1.000000000000000000e+00,1.702896087937282596e-21,1.101033610375398276e-36,1.000000000000000000e+00,1.000000000000000000e+00
1.000000000000000000e+00,1.000000000000000000e+00,4.065553583197232060e-22,1.000000000000000000e+00,4.948064854204073362e-20,2.662842818540105091e-35,1.000000000000000000e+00,1.000000000000000000e+00
1.000000000000000000e+00,1.000000000000000000e+00,2.368079214011180254e-31,1.000000000000000000e+00,7.993903012647170916e-28,0.000000000000000000e+00,1.000000000000000000e+00,1.000000000000000000e+00
1.000000000000000000e+00,1.000000000000000000e+00,8.211157913595877748e-33,1.000000000000000000e+00,4.055378322675839508e-29,0.000000000000000000e+00,1.000000000000000000e+00,1.000000000000000000e+00
1.000000000000000000e+00,1.000000000000000000e+00,1.136201959819239981e-34,1.000000000000000000e+00,7.689058071610007185e-31,0.000000000000000000e+00,1.000000000000000000e+00,1.000000000000000000e+00
1.000000000000000000e+00,1.000000000000000000e+00,9.550403948565500966e-39,1.000000000000000000e+00,2.328313369699465011e-34,0.000000000000000000e+00,1.000000000000000000e+00,1.000000000000000000e+00
1.000000000000000000e+00,1.000000000000000000e+00,1.614315795939054013e-32,1.000000000000000000e+00,6.118389340120374978e-29,0.000000000000000000e+00,1.000000000000000000e+00,1.000000000000000000e+00
1.000000000000000000e+00,1.000000000000000000e+00,1.485899007742230319e-28,1.000000000000000000e+00,4.239821065664583108e-26,0.000000000000000000e+00,1.000000000000000000e+00,1.000000000000000000e+00
1.000000000000000000e+00,9.999941587448120117e-01,9.486703868774925247e-19,1.000000000000000000e+00,1.047905983515045111e-17,1.840128255435708096e-25,1.000000000000000000e+00,1.000000000000000000e+00
1.000000000000000000e+00,1.000000000000000000e+00,2.898603529430509836e-28,1.000000000000000000e+00,2.225086214207739818e-25,0.000000000000000000e+00,1.000000000000000000e+00,1.000000000000000000e+00
1.000000000000000000e+00,1.000000000000000000e+00,1.038529958304738647e-25,1.000000000000000000e+00,1.041959590254754888e-23,9.880063616193307156e-39,1.000000000000000000e+00,1.000000000000000000e+00
1.000000000000000000e+00,1.000000000000000000e+00,5.873119674032877365e-22,1.000000000000000000e+00,8.543978273863486478e-20,1.278367469167730035e-35,1.000000000000000000e+00,1.000000000000000000e+00
1.000000000000000000e+00,9.999998807907104492e-01,3.445283351899715144e-17,1.000000000000000000e+00,5.127842171470968144e-16,2.325307343734382721e-24,1.000000000000000000e+00,1.000000000000000000e+00
1.000000000000000000e+00,1.000000000000000000e+00,1.238664834271920249e-17,1.000000000000000000e+00,2.246744039982394954e-16,3.381752037373851088e-25,1.000000000000000000e+00,1.000000000000000000e+00
1.000000000000000000e+00,1.000000000000000000e+00,5.974034295125604586e-22,1.000000000000000000e+00,2.917407213102854917e-20,2.463567118053970166e-32,1.000000000000000000e+00,1.000000000000000000e+00
1.000000000000000000e+00,1.000000000000000000e+00,7.355421365637588018e-30,1.000000000000000000e+00,4.727983524217702536e-27,0.000000000000000000e+00,1.000000000000000000e+00,1.000000000000000000e+00
1.000000000000000000e+00,1.000000000000000000e+00,2.611053896326147082e-32,1.000000000000000000e+00,1.085971228846714100e-28,0.000000000000000000e+00,1.000000000000000000e+00,1.000000000000000000e+00
1.000000000000000000e+00,1.000000000000000000e+00,2.208647209082741105e-32,1.000000000000000000e+00,1.034692621853674800e-28,0.000000000000000000e+00,1.000000000000000000e+00,1.000000000000000000e+00
1.000000000000000000e+00,1.000000000000000000e+00,1.866624044596625147e-35,1.000000000000000000e+00,1.690415419420327591e-31,0.000000000000000000e+00,1.000000000000000000e+00,1.000000000000000000e+00
1.000000000000000000e+00,1.000000000000000000e+00,2.569752915870090990e-37,1.000000000000000000e+00,8.989753209018743254e-33,0.000000000000000000e+00,1.000000000000000000e+00,1.000000000000000000e+00
1.000000000000000000e+00,1.000000000000000000e+00,6.617468017445603314e-31,1.000000000000000000e+00,2.956124123521556776e-27,0.000000000000000000e+00,1.000000000000000000e+00,1.000000000000000000e+00
1.000000000000000000e+00,1.000000000000000000e+00,1.000084924644562176e-28,1.000000000000000000e+00,5.462031615812278078e-26,0.000000000000000000e+00,1.000000000000000000e+00,1.000000000000000000e+00
1.000000000000000000e+00,1.000000000000000000e+00,3.074102571535959936e-29,1.000000000000000000e+00,1.879371897614036610e-26,0.000000000000000000e+00,1.000000000000000000e+00,1.000000000000000000e+00
1.000000000000000000e+00,1.000000000000000000e+00,3.587798643365075903e-29,1.000000000000000000e+00,7.088885902102762238e-27,0.000000000000000000e+00,1.000000000000000000e+00,1.000000000000000000e+00
1.000000000000000000e+00,1.000000000000000000e+00,1.262034698426140907e-26,1.000000000000000000e+00,2.249118565862458485e-24,0.000000000000000000e+00,1.000000000000000000e+00,1.000000000000000000e+00
1.000000000000000000e+00,1.000000000000000000e+00,1.485949292569372054e-29,1.000000000000000000e+00,8.922577668849449082e-27,0.000000000000000000e+00,1.000000000000000000e+00,1.000000000000000000e+00
1.000000000000000000e+00,1.000000000000000000e+00,5.791492824716022742e-29,1.000000000000000000e+00,3.949913142251905760e-26,0.000000000000000000e+00,1.000000000000000000e+00,1.000000000000000000e+00
1.000000000000000000e+00,1.000000000000000000e+00,5.681346314689039496e-19,1.000000000000000000e+00,1.713344496737006562e-17,1.553873982905648663e-28,1.000000000000000000e+00,1.000000000000000000e+00
1.000000000000000000e+00,1.000000000000000000e+00,4.225135866176010779e-15,1.000000000000000000e+00,8.572456573806633284e-14,4.696607408167594527e-23,1.000000000000000000e+00,1.000000000000000000e+00
1.000000000000000000e+00,1.000000000000000000e+00,7.453685422701531350e-23,1.000000000000000000e+00,5.794367475294497537e-21,1.676100201461555771e-34,1.000000000000000000e+00,1.000000000000000000e+00
1.000000000000000000e+00,1.000000000000000000e+00,3.097393910666774931e-24,1.000000000000000000e+00,3.577111105523555208e-22,4.794159076219768046e-37,1.000000000000000000e+00,1.000000000000000000e+00
1.000000000000000000e+00,1.000000000000000000e+00,9.336763323790382752e-29,1.000000000000000000e+00,4.068959340271951786e-26,0.000000000000000000e+00,1.000000000000000000e+00,1.000000000000000000e+00
1.000000000000000000e+00,1.000000000000000000e+00,2.262745480487668450e-28,1.000000000000000000e+00,9.774785953652454747e-26,0.000000000000000000e+00,1.000000000000000000e+00,1.000000000000000000e+00
1.000000000000000000e+00,1.000000000000000000e+00,1.165694451902533035e-29,1.000000000000000000e+00,1.418261898468955827e-26,0.000000000000000000e+00,1.000000000000000000e+00,1.000000000000000000e+00
1.000000000000000000e+00,1.000000000000000000e+00,4.618111391487749298e-33,1.000000000000000000e+00,3.382455089914847385e-29,0.000000000000000000e+00,1.000000000000000000e+00,1.000000000000000000e+00
1.000000000000000000e+00,1.000000000000000000e+00,8.189744260744875050e-37,1.000000000000000000e+00,2.178806109492766514e-32,0.000000000000000000e+00,1.000000000000000000e+00,1.000000000000000000e+00
1.000000000000000000e+00,1.000000000000000000e+00,3.241348897917669723e-33,1.000000000000000000e+00,1.203183957207884276e-29,0.000000000000000000e+00,1.000000000000000000e+00,1.000000000000000000e+00
1.000000000000000000e+00,1.000000000000000000e+00,6.201932301756130365e-35,1.000000000000000000e+00,2.291039430148119011e-31,0.000000000000000000e+00,1.000000000000000000e+00,1.000000000000000000e+00
1.000000000000000000e+00,1.000000000000000000e+00,2.818493510428750567e-28,1.000000000000000000e+00,2.873769494799372404e-25,0.000000000000000000e+00,1.000000000000000000e+00,1.000000000000000000e+00
1.000000000000000000e+00,1.000000000000000000e+00,4.515338052638471168e-31,1.000000000000000000e+00,8.101349199797076514e-28,0.000000000000000000e+00,1.000000000000000000e+00,1.000000000000000000e+00
1.000000000000000000e+00,9.999990463256835938e-01,5.431706432955835695e-22,1.000000000000000000e+00,1.057038110468888529e-20,4.996977960938742252e-30,1.000000000000000000e+00,1.000000000000000000e+00
1.000000000000000000e+00,9.637084603309631348e-01,2.300218349127192141e-11,1.000000000000000000e+00,6.385018902488326376e-11,7.815336512716555828e-14,1.000000000000000000e+00,1.000000000000000000e+00
1.000000000000000000e+00,1.000000000000000000e+00,3.632870129332855776e-24,1.000000000000000000e+00,1.572423189513835119e-22,1.774696052874847308e-34,1.000000000000000000e+00,1.000000000000000000e+00
1.000000000000000000e+00,1.000000000000000000e+00,1.906493940823190577e-18,1.000000000000000000e+00,6.167990689765368451e-17,1.167172864940952054e-27,1.000000000000000000e+00,1.000000000000000000e+00
1.000000000000000000e+00,1.000000000000000000e+00,6.763580106682216819e-15,1.000000000000000000e+00,2.458872949001600361e-13,3.079683884736950064e-25,1.000000000000000000e+00,1.000000000000000000e+00
1.000000000000000000e+00,1.000000000000000000e+00,1.819194714276300803e-27,1.000000000000000000e+00,7.156356805547766056e-25,0.000000000000000000e+00,1.000000000000000000e+00,1.000000000000000000e+00
1.000000000000000000e+00,1.000000000000000000e+00,3.518481227321945048e-31,1.000000000000000000e+00,1.018153939197492460e-28,0.000000000000000000e+00,1.000000000000000000e+00,1.000000000000000000e+00
1.000000000000000000e+00,1.000000000000000000e+00,7.018121072970153154e-27,1.000000000000000000e+00,1.707857235747939350e-24,0.000000000000000000e+00,1.000000000000000000e+00,1.000000000000000000e+00
1.000000000000000000e+00,1.000000000000000000e+00,1.987093868302328738e-28,1.000000000000000000e+00,6.376827385278420175e-26,0.000000000000000000e+00,1.000000000000000000e+00,1.000000000000000000e+00
1.000000000000000000e+00,1.000000000000000000e+00,7.378626823127057812e-32,1.000000000000000000e+00,1.822639191833588765e-28,0.000000000000000000e+00,1.000000000000000000e+00,1.000000000000000000e+00
1.000000000000000000e+00,1.000000000000000000e+00,2.949648229886692076e-34,1.000000000000000000e+00,1.574433529564807377e-30,0.000000000000000000e+00,1.000000000000000000e+00,1.000000000000000000e+00
1.000000000000000000e+00,1.000000000000000000e+00,1.249888277358397732e-35,1.000000000000000000e+00,1.423070740872418345e-31,0.000000000000000000e+00,1.000000000000000000e+00,1.000000000000000000e+00
1.000000000000000000e+00,1.000000000000000000e+00,4.363051348896222835e-29,1.000000000000000000e+00,2.314163987031868039e-26,0.000000000000000000e+00,1.000000000000000000e+00,1.000000000000000000e+00
1.000000000000000000e+00,1.000000000000000000e+00,2.797794480550318761e-30,1.000000000000000000e+00,3.971804494594975490e-27,0.000000000000000000e+00,1.000000000000000000e+00,1.000000000000000000e+00
1.000000000000000000e+00,1.000000000000000000e+00,6.805613343650654952e-22,1.000000000000000000e+00,2.204056992594780763e-20,2.406527283237875634e-31,1.000000000000000000e+00,1.000000000000000000e+00
1.000000000000000000e+00,1.000000000000000000e+00,1.154360217440683622e-13,1.000000000000000000e+00,1.780025020610420672e-12,3.801140483925513846e-21,1.000000000000000000e+00,1.000000000000000000e+00
1.000000000000000000e+00,1.000000000000000000e+00,1.696948606826444475e-22,1.000000000000000000e+00,2.096413329920355688e-20,1.537025300941892713e-35,1.000000000000000000e+00,1.000000000000000000e+00
1.000000000000000000e+00,1.000000000000000000e+00,6.690853659569698394e-30,1.000000000000000000e+00,1.938799393461620240e-27,0.000000000000000000e+00,1.000000000000000000e+00,1.000000000000000000e+00
1.000000000000000000e+00,1.000000000000000000e+00,7.871350312495977937e-28,1.000000000000000000e+00,1.951988608536531129e-25,0.000000000000000000e+00,1.000000000000000000e+00,1.000000000000000000e+00
1.000000000000000000e+00,1.000000000000000000e+00,1.431241660879701606e-32,1.000000000000000000e+00,7.043428237810701073e-30,0.000000000000000000e+00,1.000000000000000000e+00,1.000000000000000000e+00
1.000000000000000000e+00,1.000000000000000000e+00,1.824437174390064138e-32,1.000000000000000000e+00,1.693269783014858689e-29,0.000000000000000000e+00,1.000000000000000000e+00,1.000000000000000000e+00
1.000000000000000000e+00,1.000000000000000000e+00,1.858786128365442125e-28,1.000000000000000000e+00,1.284822440195086677e-25,0.000000000000000000e+00,1.000000000000000000e+00,1.000000000000000000e+00
1.000000000000000000e+00,1.000000000000000000e+00,8.573650296366505427e-29,1.000000000000000000e+00,2.178912398162165606e-26,0.000000000000000000e+00,1.000000000000000000e+00,1.000000000000000000e+00
1.000000000000000000e+00,1.000000000000000000e+00,9.091793725623200399e-27,1.000000000000000000e+00,5.684255581705783716e-25,7.808953173971706339e-38,1.000000000000000000e+00,1.000000000000000000e+00
1.000000000000000000e+00,1.000000000000000000e+00,3.095027576789395839e-19,1.000000000000000000e+00,8.367584541477179270e-18,5.612025524330784266e-28,1.000000000000000000e+00,1.000000000000000000e+00
1.000000000000000000e+00,1.000000000000000000e+00,5.809186909289110190e-09,1.000000000000000000e+00,5.576805506279924884e-08,3.793113064176059299e-15,1.000000000000000000e+00,1.000000000000000000e+00
9.999995231628417969e-01,9.997143149375915527e-01,5.144761234987527132e-05,1.000000000000000000e+00,1.419535110471770167e-04,1.179700319653420593e-07,9.999603033065795898e-01,1.000000000000000000e+00
1.000000000000000000e+00,1.000000000000000000e+00,6.702161430039452281e-18,1.000000000000000000e+00,2.302885913122002014e-16,2.213620929840929054e-27,1.000000000000000000e+00,1.000000000000000000e+00
1.000000000000000000e+00,9.999997615814208984e-01,7.288817772796760781e-19,1.000000000000000000e+00,1.238697921496422370e-17,3.106265230865712481e-26,1.000000000000000000e+00,1.000000000000000000e+00
1.000000000000000000e+00,1.000000000000000000e+00,3.125488780460687066e-31,1.000000000000000000e+00,1.764649802319953666e-28,0.000000000000000000e+00,1.000000000000000000e+00,1.000000000000000000e+00
1.000000000000000000e+00,1.000000000000000000e+00,2.053124767409423830e-25,1.000000000000000000e+00,3.283165881237846624e-23,0.000000000000000000e+00,1.000000000000000000e+00,1.000000000000000000e+00
1.000000000000000000e+00,1.000000000000000000e+00,1.002633254961664604e-27,1.000000000000000000e+00,2.008128757673199520e-25,0.000000000000000000e+00,1.000000000000000000e+00,1.000000000000000000e+00
1.000000000000000000e+00,1.000000000000000000e+00,8.774893123667958185e-29,1.000000000000000000e+00,2.294657860406323012e-26,0.000000000000000000e+00,1.000000000000000000e+00,1.000000000000000000e+00
1.000000000000000000e+00,1.000000000000000000e+00,4.315789328987513878e-30,1.000000000000000000e+00,1.878546867744460006e-27,0.000000000000000000e+00,1.000000000000000000e+00,1.000000000000000000e+00
1.000000000000000000e+00,1.000000000000000000e+00,1.448077643642602391e-27,1.000000000000000000e+00,3.094782189424814466e-25,0.000000000000000000e+00,1.000000000000000000e+00,1.000000000000000000e+00
1.000000000000000000e+00,1.000000000000000000e+00,1.138324314081656983e-25,1.000000000000000000e+00,2.333786454617196027e-23,0.000000000000000000e+00,1.000000000000000000e+00,1.000000000000000000e+00
1.000000000000000000e+00,1.000000000000000000e+00,5.824137747545546484e-18,1.000000000000000000e+00,3.402523143488847936e-16,2.727766802608556660e-29,1.000000000000000000e+00,1.000000000000000000e+00
1.000000000000000000e+00,9.998248219490051270e-01,5.797147082375886384e-07,1.000000000000000000e+00,1.955784455276443623e-06,3.949425508853465772e-10,9.999998807907104492e-01,1.000000000000000000e+00
9.943174719810485840e-01,9.953950047492980957e-01,2.200169302523136139e-02,9.999998807907104492e-01,3.335076197981834412e-02,2.566403942182660103e-03,9.470094442367553711e-01,9.992507100105285645e-01
1.000000000000000000e+00,1.000000000000000000e+00,3.279568419130244614e-26,1.000000000000000000e+00,1.004990412792477391e-23,0.000000000000000000e+00,1.000000000000000000e+00,1.000000000000000000e+00
1.000000000000000000e+00,1.000000000000000000e+00,1.483534677979416227e-24,1.000000000000000000e+00,1.605192850169950455e-22,2.814601908645443423e-37,1.000000000000000000e+00,1.000000000000000000e+00
1.000000000000000000e+00,1.000000000000000000e+00,8.782316671483149318e-24,1.000000000000000000e+00,6.852739515475323691e-22,1.354641440501749636e-35,1.000000000000000000e+00,1.000000000000000000e+00
1.000000000000000000e+00,1.000000000000000000e+00,6.736069094837829116e-26,1.000000000000000000e+00,9.397856158357147398e-24,0.000000000000000000e+00,1.000000000000000000e+00,1.000000000000000000e+00
1.000000000000000000e+00,1.000000000000000000e+00,2.877076327106499983e-29,1.000000000000000000e+00,1.211457389933401053e-26,0.000000000000000000e+00,1.000000000000000000e+00,1.000000000000000000e+00
1.000000000000000000e+00,1.000000000000000000e+00,2.900944786629627365e-23,1.000000000000000000e+00,4.528937446143569306e-21,2.562371996598799313e-37,1.000000000000000000e+00,1.000000000000000000e+00
1.000000000000000000e+00,1.000000000000000000e+00,6.532228642545934161e-13,1.000000000000000000e+00,9.436981578125891446e-12,4.648364716696467073e-20,1.000000000000000000e+00,1.000000000000000000e+00
1.000000000000000000e+00,1.000000000000000000e+00,4.609448313930501331e-27,1.000000000000000000e+00,2.150295199252254062e-24,0.000000000000000000e+00,1.000000000000000000e+00,1.000000000000000000e+00
1.000000000000000000e+00,1.000000000000000000e+00,4.588374018107038441e-29,1.000000000000000000e+00,2.652271157679153657e-26,0.000000000000000000e+00,1.000000000000000000e+00,1.000000000000000000e+00
9.832203388214111328e-01,9.999929666519165039e-01,4.245773851871490479e-01,1.000000000000000000e+00,6.360629200935363770e-01,7.912523113191127777e-03,2.280736528337001801e-02,9.987687468528747559e-01
9.853518605232238770e-01,9.994737505912780762e-01,6.732931733131408691e-02,1.000000000000000000e+00,1.042867004871368408e-01,4.330044146627187729e-03,6.094870567321777344e-01,9.983283877372741699e-01
1.000000000000000000e+00,1.000000000000000000e+00,1.354313049424585878e-24,1.000000000000000000e+00,1.724224009049876509e-22,1.093035783468172242e-37,1.000000000000000000e+00,1.000000000000000000e+00
1.000000000000000000e+00,1.000000000000000000e+00,3.627905051121346372e-28,1.000000000000000000e+00,1.567169070201462407e-25,0.000000000000000000e+00,1.000000000000000000e+00,1.000000000000000000e+00
1.000000000000000000e+00,1.000000000000000000e+00,4.273601871171530703e-31,1.000000000000000000e+00,7.099138108679221592e-28,0.000000000000000000e+00,1.000000000000000000e+00,1.000000000000000000e+00
1.000000000000000000e+00,1.000000000000000000e+00,7.464003437379744042e-26,1.000000000000000000e+00,1.828096006567404885e-23,0.000000000000000000e+00,1.000000000000000000e+00,1.000000000000000000e+00
1.000000000000000000e+00,1.000000000000000000e+00,1.120532262626188630e-15,1.000000000000000000e+00,5.878849111077416589e-14,1.481282332183590510e-26,1.000000000000000000e+00,1.000000000000000000e+00
1.000000000000000000e+00,1.000000000000000000e+00,8.070362111734973411e-25,1.000000000000000000e+00,1.120229059761681012e-22,6.023160271292202931e-38,1.000000000000000000e+00,1.000000000000000000e+00
1.000000000000000000e+00,1.000000000000000000e+00,4.240888801225751392e-26,1.000000000000000000e+00,1.345082311871277992e-23,0.000000000000000000e+00,1.000000000000000000e+00,1.000000000000000000e+00
1.000000000000000000e+00,1.000000000000000000e+00,3.623273574791083947e-27,1.000000000000000000e+00,2.709200784018625264e-24,0.000000000000000000e+00,1.000000000000000000e+00,1.000000000000000000e+00
1.000000000000000000e+00,1.000000000000000000e+00,3.553501141247631148e-29,1.000000000000000000e+00,9.639439609029488463e-27,0.000000000000000000e+00,1.000000000000000000e+00,1.000000000000000000e+00
1.000000000000000000e+00,1.000000000000000000e+00,7.337222727882138854e-18,1.000000000000000000e+00,6.945530936444557855e-16,1.916917946416995737e-30,1.000000000000000000e+00,1.000000000000000000e+00
1.000000000000000000e+00,9.999871253967285156e-01,2.584591998370939212e-19,1.000000000000000000e+00,5.215408503732566717e-18,2.367362486178918920e-26,1.000000000000000000e+00,1.000000000000000000e+00
1.000000000000000000e+00,1.000000000000000000e+00,4.630677569152843244e-23,1.000000000000000000e+00,5.744386056133261175e-21,4.981926433889766491e-36,1.000000000000000000e+00,1.000000000000000000e+00
1.000000000000000000e+00,9.999996423721313477e-01,1.059117920409833870e-18,1.000000000000000000e+00,2.650756024899463258e-17,1.569585449761767519e-26,1.000000000000000000e+00,1.000000000000000000e+00
1.000000000000000000e+00,1.000000000000000000e+00,2.242900685321415948e-22,1.000000000000000000e+00,3.845699669547979756e-20,2.082106386429606798e-36,1.000000000000000000e+00,1.000000000000000000e+00
1.000000000000000000e+00,1.000000000000000000e+00,1.747880294144997310e-21,1.000000000000000000e+00,3.041573873136512076e-19,8.004093424275392808e-36,1.000000000000000000e+00,1.000000000000000000e+00
1.000000000000000000e+00,1.000000000000000000e+00,5.644323571627544222e-18,1.000000000000000000e+00,1.574835154572921210e-16,3.914602680428323525e-26,1.000000000000000000e+00,1.000000000000000000e+00
1.000000000000000000e+00,9.999991655349731445e-01,4.134393293497851118e-06,1.000000000000000000e+00,1.864772821136284620e-05,4.268091435832843672e-10,9.999912977218627930e-01,1.000000000000000000e+00
1.000000000000000000e+00,1.000000000000000000e+00,4.034065458636084466e-24,1.000000000000000000e+00,1.513131848519346596e-21,0.000000000000000000e+00,1.000000000000000000e+00,1.000000000000000000e+00
1.000000000000000000e+00,1.000000000000000000e+00,7.024732694172737315e-28,1.000000000000000000e+00,7.145690913071112213e-25,0.000000000000000000e+00,1.000000000000000000e+00,1.000000000000000000e+00
1.000000000000000000e+00,1.000000000000000000e+00,2.120873319127490139e-21,1.000000000000000000e+00,1.130819176676849138e-18,6.189866023360297659e-39,1.000000000000000000e+00,1.000000000000000000e+00
1.000000000000000000e+00,1.000000000000000000e+00,4.123772265211592156e-20,1.000000000000000000e+00,4.958669839569583094e-18,1.481542662089020438e-33,1.000000000000000000e+00,1.000000000000000000e+00
1.000000000000000000e+00,1.000000000000000000e+00,3.229384399189303055e-21,1.000000000000000000e+00,1.468847361177256451e-18,3.051550773042502548e-38,1.000000000000000000e+00,1.000000000000000000e+00
1.000000000000000000e+00,1.000000000000000000e+00,3.905365833748194844e-28,1.000000000000000000e+00,8.625433733894357342e-25,0.000000000000000000e+00,1.000000000000000000e+00,1.000000000000000000e+00
1.000000000000000000e+00,1.000000000000000000e+00,7.151346970819760872e-22,1.000000000000000000e+00,1.636836369853353767e-19,4.591962245582148666e-37,1.000000000000000000e+00,1.000000000000000000e+00
1.000000000000000000e+00,1.000000000000000000e+00,6.049213836526122850e-27,1.000000000000000000e+00,2.133260339649685228e-24,0.000000000000000000e+00,1.000000000000000000e+00,1.000000000000000000e+00
1.000000000000000000e+00,9.999991655349731445e-01,1.949893915212107247e-21,1.000000000000000000e+00,8.331680430947191254e-20,4.736605397994317175e-30,1.000000000000000000e+00,1.000000000000000000e+00
1.000000000000000000e+00,1.000000000000000000e+00,1.463171826840346362e-17,1.000000000000000000e+00,4.349354306682037992e-16,1.335621014927277292e-26,1.000000000000000000e+00,1.000000000000000000e+00
1.000000000000000000e+00,1.000000000000000000e+00,6.264720577239664125e-23,1.000000000000000000e+00,3.209013259069659119e-20,0.000000000000000000e+00,1.000000000000000000e+00,1.000000000000000000e+00
1.000000000000000000e+00,1.000000000000000000e+00,1.239717349638672164e-27,1.000000000000000000e+00,2.490849015834106827e-24,0.000000000000000000e+00,1.000000000000000000e+00,1.000000000000000000e+00
1.000000000000000000e+00,1.000000000000000000e+00,1.198504786907737802e-25,1.000000000000000000e+00,1.927624409723041534e-22,0.000000000000000000e+00,1.000000000000000000e+00,1.000000000000000000e+00
1.000000000000000000e+00,1.000000000000000000e+00,1.552364708645430162e-26,1.000000000000000000e+00,4.199535344393433460e-24,0.000000000000000000e+00,1.000000000000000000e+00,1.000000000000000000e+00
1.795436292886734009e-01,9.948160052299499512e-01,8.865318298339843750e-01,9.978638291358947754e-01,9.029449820518493652e-01,7.671539187431335449e-01,5.288171581923961639e-03,4.917539358139038086e-01
9.761903882026672363e-01,9.995482563972473145e-01,1.930358707904815674e-01,9.999998807907104492e-01,2.874059975147247314e-01,1.378511171787977219e-02,2.644482851028442383e-01,9.967185854911804199e-01
1.000000000000000000e+00,1.000000000000000000e+00,4.463098231469609813e-20,1.000000000000000000e+00,1.166613515169672539e-17,1.073295003683422868e-35,1.000000000000000000e+00,1.000000000000000000e+00
1.000000000000000000e+00,1.000000000000000000e+00,1.615466801789706863e-26,1.000000000000000000e+00,9.548217780057703574e-24,0.000000000000000000e+00,1.000000000000000000e+00,1.000000000000000000e+00
1.000000000000000000e+00,1.000000000000000000e+00,1.884079871881690095e-27,1.000000000000000000e+00,3.305495614679304151e-24,0.000000000000000000e+00,1.000000000000000000e+00,1.000000000000000000e+00
1.000000000000000000e+00,9.993328452110290527e-01,6.573060430452866391e-24,1.000000000000000000e+00,2.907249804746260616e-22,8.788916178824115261e-32,1.000000000000000000e+00,1.000000000000000000e+00
1.000000000000000000e+00,1.000000000000000000e+00,2.708055134303943845e-12,1.000000000000000000e+00,1.053045081689241158e-10,4.247924340532398099e-22,1.000000000000000000e+00,1.000000000000000000e+00
1.000000000000000000e+00,1.000000000000000000e+00,2.414319411059295817e-09,1.000000000000000000e+00,3.746204413346276851e-08,1.627244921137587018e-16,1.000000000000000000e+00,1.000000000000000000e+00
1.000000000000000000e+00,1.000000000000000000e+00,3.563816949880838081e-11,1.000000000000000000e+00,4.946381637616070748e-10,2.265987669014502096e-18,1.000000000000000000e+00,1.000000000000000000e+00
1.000000000000000000e+00,1.000000000000000000e+00,3.095128667252033949e-11,1.000000000000000000e+00,3.766182643527571372e-10,5.131476968518648658e-18,1.000000000000000000e+00,1.000000000000000000e+00
1.000000000000000000e+00,1.000000000000000000e+00,2.753593527815589719e-19,1.000000000000000000e+00,1.933897152387122927e-17,4.318061700626975458e-30,1.000000000000000000e+00,1.000000000000000000e+00
1.000000000000000000e+00,9.999997615814208984e-01,4.212690290241285900e-25,1.000000000000000000e+00,3.590561310175318294e-23,3.565901717277127289e-35,1.000000000000000000e+00,1.000000000000000000e+00
1.000000000000000000e+00,1.000000000000000000e+00,9.170349264937086509e-25,1.000000000000000000e+00,2.601135675245485122e-22,0.000000000000000000e+00,1.000000000000000000e+00,1.000000000000000000e+00
1.000000000000000000e+00,3.632312268018722534e-02,5.143875145742854107e-21,1.000000000000000000e+00,6.142879750775185395e-20,3.351060664299128979e-25,1.000000000000000000e+00,1.000000000000000000e+00
1.000000000000000000e+00,1.000000000000000000e+00,2.523642232687972609e-11,1.000000000000000000e+00,1.021887463537041185e-09,5.741823331042123987e-21,1.000000000000000000e+00,1.000000000000000000e+00
1.000000000000000000e+00,1.000000000000000000e+00,9.805053497640228710e-15,1.000000000000000000e+00,7.497055276931008372e-13,2.006963831983317679e-26,1.000000000000000000e+00,1.000000000000000000e+00
1.000000000000000000e+00,1.000000000000000000e+00,2.825412438530621774e-15,1.000000000000000000e+00,2.923806758769326164e-13,9.002164412685318339e-28,1.000000000000000000e+00,1.000000000000000000e+00
1.000000000000000000e+00,9.998034834861755371e-01,1.160904162134102080e-06,1.000000000000000000e+00,4.739641553896944970e-06,5.672471381501509313e-10,9.999997615814208984e-01,1.000000000000000000e+00
1.000000000000000000e+00,1.000000000000000000e+00,8.524903005735495753e-12,1.000000000000000000e+00,1.712184422020257557e-10,1.007272113696085411e-19,1.000000000000000000e+00,1.000000000000000000e+00
1.000000000000000000e+00,2.530393889173865318e-03,7.461268903889698836e-19,1.000000000000000000e+00,8.258654780971296162e-18,2.779212000030372808e-22,1.000000000000000000e+00,1.000000000000000000e+00
9.988515377044677734e-01,9.996110796928405762e-01,1.838084124028682709e-02,1.000000000000000000e+00,3.469682857394218445e-02,4.481850482989102602e-04,9.122102856636047363e-01,9.998914003372192383e-01
9.980697035789489746e-01,9.999535083770751953e-01,7.867163419723510742e-02,1.000000000000000000e+00,1.659049242734909058e-01,1.097772736102342606e-03,4.660491049289703369e-01,9.998492002487182617e-01
1.000000000000000000e+00,1.000000000000000000e+00,1.691841220070877672e-12,1.000000000000000000e+00,5.905548966511631193e-11,6.437798679329071481e-22,1.000000000000000000e+00,1.000000000000000000e+00
1.000000000000000000e+00,1.000000000000000000e+00,1.954675570708941379e-13,1.000000000000000000e+00,6.917635735070870595e-12,8.323185582920407513e-23,1.000000000000000000e+00,1.000000000000000000e+00
1.000000000000000000e+00,9.993750452995300293e-01,1.518802528188700762e-09,1.000000000000000000e+00,9.152723023930775526e-09,1.602811037105383862e-13,1.000000000000000000e+00,1.000000000000000000e+00
1.000000000000000000e+00,1.000000000000000000e+00,2.686396226556943528e-16,1.000000000000000000e+00,1.034995995700428717e-14,4.008705651293105141e-25,1.000000000000000000e+00,1.000000000000000000e+00
1.000000000000000000e+00,9.996156692504882812e-01,2.742198024208164497e-09,1.000000000000000000e+00,1.467675847521832111e-08,6.641806787714699123e-13,1.000000000000000000e+00,1.000000000000000000e+00
1.000000000000000000e+00,9.934552311897277832e-01,8.533032678885443811e-13,1.000000000000000000e+00,7.458833897744376884e-12,5.533550769998831712e-17,1.000000000000000000e+00,1.000000000000000000e+00
1.000000000000000000e+00,3.006819188594818115e-01,5.316212558061431115e-15,1.000000000000000000e+00,4.193225763360688974e-14,2.130656371307457727e-18,1.000000000000000000e+00,1.000000000000000000e+00
9.903233051300048828e-01,9.888451695442199707e-01,2.448247745633125305e-02,9.999991655349731445e-01,3.489333018660545349e-02,4.750140476971864700e-03,9.554215669631958008e-01,9.986398816108703613e-01
1.000000000000000000e+00,9.999960660934448242e-01,3.911233216058462858e-05,1.000000000000000000e+00,1.534331677248701453e-04,1.024147611161652094e-08,9.999020099639892578e-01,1.000000000000000000e+00
9.999998807907104492e-01,9.969732761383056641e-01,3.360692517162533477e-06,1.000000000000000000e+00,9.739366760186385363e-06,1.434412855161326661e-08,9.999996423721313477e-01,1.000000000000000000e+00
9.999946355819702148e-01,1.436367817223072052e-02,7.016553809080505744e-06,9.999988079071044922e-01,1.148795672634150833e-05,1.539204845357744489e-06,9.999998807907104492e-01,9.999996423721313477e-01
9.919821619987487793e-01,9.975518584251403809e-01,6.615231931209564209e-02,9.999997615814208984e-01,1.091936826705932617e-01,5.710367579013109207e-03,7.758585810661315918e-01,9.989092350006103516e-01
1.000000000000000000e+00,1.000000000000000000e+00,4.382685349618026249e-14,1.000000000000000000e+00,2.296867774101429838e-12,4.225340167894570588e-25,1.000000000000000000e+00,1.000000000000000000e+00
1.000000000000000000e+00,1.000000000000000000e+00,2.316883447248119232e-12,1.000000000000000000e+00,1.258225745814911534e-10,3.801977610496359900e-23,1.000000000000000000e+00,1.000000000000000000e+00
1.000000000000000000e+00,1.000000000000000000e+00,4.755922873300733045e-06,1.000000000000000000e+00,3.658713103504851460e-05,2.500447592035381916e-11,9.999576807022094727e-01,1.000000000000000000e+00
9.999996423721313477e-01,9.996354579925537109e-01,4.122890823055058718e-05,1.000000000000000000e+00,1.246273459400981665e-04,1.002199851996010693e-07,9.999787807464599609e-01,1.000000000000000000e+00
9.416146874427795410e-01,7.326225022552534938e-05,2.751676074694842100e-04,1.197333708405494690e-01,3.432111698202788830e-04,1.174870785325765610e-02,9.999843835830688477e-01,9.894858598709106445e-01
9.999991655349731445e-01,9.980707764625549316e-01,4.139176598982885480e-05,1.000000000000000000e+00,1.084131581592373550e-04,2.487423103048058692e-07,9.999856948852539062e-01,1.000000000000000000e+00
1.000000000000000000e+00,9.999986886978149414e-01,9.756992369602812687e-08,1.000000000000000000e+00,5.784163477073889226e-07,1.825381642714396513e-12,1.000000000000000000e+00,1.000000000000000000e+00
9.888307452201843262e-01,9.831929206848144531e-01,2.624467760324478149e-02,9.999983310699462891e-01,3.659231215715408325e-02,6.027723196893930435e-03,9.557558298110961914e-01,9.982610344886779785e-01
7.975048422813415527e-01,9.949703812599182129e-01,3.270030617713928223e-01,9.999763965606689453e-01,3.861281275749206543e-01,1.262723207473754883e-01,2.094886004924774170e-01,9.525169134140014648e-01
1.000000000000000000e+00,1.000000000000000000e+00,5.373022204935296031e-08,1.000000000000000000e+00,5.184119231671502348e-07,7.619717980493143084e-14,9.999998807907104492e-01,1.000000000000000000e+00
1.000000000000000000e+00,1.000000000000000000e+00,3.509310770906014720e-17,1.000000000000000000e+00,1.057512693713113464e-15,1.151092397611208381e-25,1.000000000000000000e+00,1.000000000000000000e+00
9.999608993530273438e-01,9.999271631240844727e-01,1.462736749090254307e-03,1.000000000000000000e+00,3.466820344328880310e-03,8.473719390167389065e-06,9.946933388710021973e-01,9.999978542327880859e-01
1.000000000000000000e+00,1.000000000000000000e+00,2.229105843052497926e-13,1.000000000000000000e+00,5.220191900273674079e-12,9.434180678687678285e-22,1.000000000000000000e+00,1.000000000000000000e+00
9.331427216529846191e-01,2.380379587411880493e-01,1.008361577987670898e-02,9.975515007972717285e-01,1.111656520515680313e-02,1.975448988378047943e-02,9.938895702362060547e-01,9.886698722839355469e-01
1.000000000000000000e+00,9.999835491180419922e-01,1.023920756688437002e-16,1.000000000000000000e+00,1.949691544144002350e-15,2.356149399102763358e-23,1.000000000000000000e+00,1.000000000000000000e+00
1.000000000000000000e+00,6.310908198356628418e-01,2.981094537890527363e-12,1.000000000000000000e+00,1.424657700838105612e-11,6.524227654029464765e-15,1.000000000000000000e+00,1.000000000000000000e+00
1.000000000000000000e+00,9.999998807907104492e-01,5.367497578845359385e-05,1.000000000000000000e+00,2.772469306364655495e-04,2.306855373390703789e-09,9.995107650756835938e-01,1.000000000000000000e+00
