A,0,1,1,1.5258E-09,1,1,1,1,0.999999404
A,1,1,1,1.76572E-13,1,1,1,1,1
A,2,1,1,1.83789E-15,1,1,1,1,1
A,3,1,1,2.37126E-17,1,1,1,1,1
A,4,1,1,4.76092E-19,1,1,1,1,1
A,5,1,1,2.32965E-17,1,1,1,1,1
A,6,1,1,4.94622E-17,1,1,1,1,1
A,7,1,1,9.83987E-21,1,1,1,1,1
A,8,1,1,4.08831E-21,1,1,1,1,1
A,9,1,1,3.92467E-23,1,1,1,1,1
A,10,1,1,2.41612E-22,1,1,1,1,1
A,11,1,1,4.33914E-20,1,1,1,1,1
A,12,1,1,1.54676E-19,1,1,1,1,1
A,13,1,1,1.42281E-23,1,1,1,1,1
A,14,1,1,7.94547E-21,1,1,1,1,1
A,15,1,1,1.59952E-21,1,1,1,1,1
A,16,1,1,1.16522E-21,1,1,1,1,1
A,17,1,1,9.11996E-20,1,1,1,1,1
A,18,1,1,5.19441E-24,1,1,1,1,1
A,19,1,1,1.4474E-22,1,1,1,1,1
A,20,1,1,2.92445E-22,1,1,1,1,1
A,21,1,1,3.90445E-18,1,1,1,1,1
A,22,1,1,8.66012E-16,1,1,1,1,1
A,23,1,1,1.10689E-14,1,1,1,1,1
A,24,1,1,8.2903E-14,1,1,1,1,1
A,25,1,1,1.94539E-18,1,1,1,1,1
A,26,1,1,1.18304E-21,1,1,1,1,1
A,27,1,1,5.93885E-18,1,1,1,1,1
A,28,1,1,2.6593E-20,1,1,1,1,1
A,29,1,1,1.2327E-27,1,1,1,1,1
A,30,1,1,6.81678E-24,1,1,1,1,1
A,31,1,1,2.27295E-23,1,1,1,1,1
A,32,1,1,2.84269E-20,1,1,1,1,1
A,33,1,1,2.18321E-18,1,1,1,1,1
A,34,1,1,2.35098E-20,1,1,1,1,1
A,35,1,1,5.09268E-21,1,1,1,1,1
A,36,1,1,1.9268E-22,1,1,1,1,1
A,37,1,1,1.10558E-22,1,1,1,1,1
A,38,1,1,1.15955E-26,1,1,1,1,1
A,39,1,1,1.23246E-28,1,1,1,1,1
A,40,1,1,5.6372E-27,1,1,1,1,1
A,41,1,1,9.08165E-24,1,1,1,1,1
A,42,1,1,6.60277E-24,1,1,1,1,1
A,43,1,1,7.59956E-24,1,1,1,1,1
A,44,1,1,4.63312E-21,1,1,1,1,1
A,45,1,1,1.98582E-19,1,1,1,1,1
A,46,1,1,6.17645E-21,1,1,1,1,1
A,47,1,1,1.01158E-22,1,1,1,1,1
A,48,1,1,7.17617E-19,1,1,1,1,1
A,49,1,1,4.81789E-25,1,1,1,1,1
A,50,1,1,3.21898E-27,1,1,1,1,1
A,51,1,1,4.60897E-28,1,1,1,1,1
A,52,1,1,7.08241E-25,1,1,1,1,1
A,53,1,1,1.87317E-26,1,1,1,1,1
A,54,1,1,8.46123E-22,1,1,1,1,1
A,55,1,1,1.66516E-22,1,1,1,1,1
A,56,1,1,6.15021E-23,1,1,1,1,1
A,57,1,1,1.53212E-21,1,1,1,1,1
A,58,1,1,1.97795E-11,1,1,1,1,1
A,59,1,1,2.15693E-16,1,1,1,1,1
A,60,1,1,1.16318E-21,1,1,1,1,1
A,61,1,1,7.36952E-23,1,1,1,1,1
A,62,1,1,5.53674E-25,1,1,1,1,1
A,63,1,1,1.48537E-20,1,1,1,1,1
A,64,1,1,1.94647E-27,1,1,1,1,1
A,65,1,1,3.58599E-29,1,1,1,1,1
A,66,1,1,2.67737E-26,1,1,1,1,1
A,67,1,1,7.99823E-29,1,1,1,1,1
A,68,1,1,3.00609E-25,1,1,1,1,1
A,69,1,1,6.92136E-24,1,1,1,1,1
A,70,1,1,3.31387E-23,1,1,1,1,1
A,71,1,1,1.36841E-21,1,1,1,1,1
A,72,1,1,6.22059E-18,1,1,1,1,1
A,73,1,1,2.28648E-20,1,1,1,1,1
A,74,1,1,1.65952E-20,1,1,1,1,1
A,75,1,1,5.66433E-23,1,1,1,1,1
A,76,1,1,8.73562E-20,1,1,1,1,1
A,77,1,1,2.67261E-18,1,1,1,1,1
A,78,1,1,1.08559E-24,1,1,1,1,1
A,79,1,1,2.10758E-24,1,1,1,1,1
A,80,1,1,3.40942E-23,1,1,1,1,1
A,81,1,1,4.66953E-23,1,1,1,1,1
A,82,1,1,4.2273E-21,1,1,1,1,1
A,83,1,1,4.35688E-24,1,1,1,1,1
A,84,1,1,1.64367E-22,1,1,1,1,1
A,85,1,1,5.12532E-15,1,1,1,1,1
A,86,1,1,1.07055E-11,1,1,1,1,1
A,87,1,1,8.26921E-26,1,1,1,1,1
A,88,1,1,2.42716E-25,1,1,1,1,1
A,89,1,1,2.24284E-22,1,1,1,1,1
A,90,1,1,4.85249E-20,1,1,1,1,1
A,91,1,1,6.348E-18,1,1,1,1,1
A,92,1,1,2.5403E-25,1,1,1,1,1
A,93,1,1,4.43108E-25,1,1,1,1,1
A,94,1,1,2.0911E-20,1,1,1,1,1
A,95,1,1,3.08875E-19,1,1,1,1,1
A,96,1,1,1.274E-19,1,1,1,1,1
A,97,1,1,6.24419E-18,1,1,1,1,1
A,98,1,1,2.36725E-27,1,1,1,1,1
A,99,1,1,1.01939E-23,1,1,1,1,1
A,100,1,1,8.8885E-20,1,1,1,1,1
A,101,1,1,1.01519E-23,1,1,1,1,1
A,102,1,1,1.04674E-22,1,1,1,1,1
A,103,1,1,1.21082E-15,1,1,1,1,1
A,104,1,1,4.03623E-25,1,1,1,1,1
A,105,1,1,1.35958E-23,1,1,1,1,1
A,106,1,1,1.98679E-21,1,1,1,1,1
A,107,1,1,1.28371E-25,1,1,1,1,1
A,108,1,1,3.47148E-24,1,1,1,1,1
A,109,1,1,4.45851E-18,1,1,1,1,1
A,110,1,1,6.42544E-19,1,1,1,1,1
A,111,1,1,7.84412E-23,1,1,1,1,1
A,112,1,1,6.21284E-22,1,1,1,1,1
A,113,1,1,4.46269E-19,1,1,1,1,1
A,114,1,1,9.23115E-22,1,1,1,1,1
A,115,1,1,1.25305E-22,1,1,1,1,1
A,116,1,1,2.70328E-19,1,1,1,1,1
A,117,1,1,1.28702E-22,1,1,1,1,1
B,0,0.972938538,9.88661E-19,1,6.51028E-12,0.871222377,2.58238E-34,0.005903316,1.76828E-37
B,1,0.648908198,0,1,8.23225E-36,0.006674518,0,7.24318E-16,0
B,2,0.299200267,0,1,0,0.000722548,0,8.31758E-19,0
B,3,0.924125433,0,1,0,0.002740505,0,5.28487E-23,0
B,4,0.970608354,0,1,0,0.010982234,0,2.35046E-21,0
B,5,0.77831316,0,1,0,0.0005866,0,1.7239E-24,0
B,6,0.896148324,0,1,0,0.003423872,0,1.58867E-21,0
B,7,0.999666452,3.16222E-20,1,6.16615E-10,0.999135435,0,0.993697822,0
B,8,0.909820437,2.63948E-11,1,0.000271387,0.844115317,2.98705E-19,0.656296551,4.88592E-21
B,9,0.503528476,1.17855E-07,1,0.057256885,0.383950174,1.32183E-10,0.243589878,2.01755E-11
B,10,0.41277343,6.21253E-05,0.999985456,0.181754291,0.311036527,1.74983E-06,0.21144107,6.67767E-07
B,11,0.980552256,6.17758E-14,1,6.31075E-06,0.961073816,2.30324E-25,0.869573593,7.67656E-28
B,12,0.780050337,7.70264E-10,1,0.002526714,0.66954118,1.68564E-15,0.460196406,7.70808E-17
B,13,0.999854922,4.60638E-22,1,7.70003E-11,0.999603808,0,0.996623516,0
B,14,0.779440522,2.53113E-07,1,0.004132398,0.674574673,2.6781E-12,0.487706602,2.32532E-13
B,15,0.98003906,1.72602E-17,1,4.00396E-06,0.958487868,6.62426E-30,0.845531464,8.60771E-33
B,16,0.562397003,5.62407E-11,1,0.029207429,0.428739369,2.60751E-15,0.250155628,1.38447E-16
B,17,0.745639861,2.93615E-12,1,0.002692253,0.621319354,2.68987E-18,0.391494006,7.09554E-20
B,18,0.352239639,2.00101E-05,0.999984264,0.003387213,0.168476686,2.63818E-06,0.003682436,1.43316E-06
B,19,0.86038655,9.19222E-14,1,0.000490917,0.766827345,1.57278E-21,0.528775692,1.79313E-23
B,20,1,1,4.90323E-10,1,1,1,1,1
B,21,1,1,9.84698E-11,1,1,1,1,1
B,22,1,1,1.47944E-11,1,1,1,1,1
B,23,0.813842535,2.13869E-12,1,0.001210127,0.706336081,3.62677E-19,0.472936124,7.25284E-21
B,24,0.582493424,3.71041E-10,1,0.01940519,0.451691896,2.4872E-14,0.273947388,1.68888E-15
B,25,0.98753345,2.2956E-14,1,2.38957E-06,0.974267662,1.04995E-26,0.905412912,2.41186E-29
B,26,0.419011384,9.0718E-21,1,9.24229E-15,0.05738008,1.99433E-33,3.457E-07,4.91293E-36
B,27,0.999596298,6.96856E-19,1,1.09597E-09,0.99897939,1.81958E-38,0.99308008,0
B,28,0.924287319,1.10775E-11,1,0.000167167,0.866555095,5.00964E-20,0.689586759,6.7377E-22
B,29,0.480416,3.48993E-06,0.999999523,0.094377398,0.367628902,1.97831E-08,0.243792236,4.92336E-09
C,0,0.460286647,7.08608E-07,0.999999881,0.104789563,0.346949995,2.57605E-09,0.223429546,5.23418E-10
C,1,1,1,3.5007E-08,1,1,1,1,1
C,2,0.999999881,0.999999762,3.92704E-07,1,0.999999762,1,0.999998689,1
C,3,0.998931587,0.993483603,0.008046121,0.999571741,0.998218,0.998111248,0.991953075,0.997267008
C,4,0.418668807,3.45171E-05,0.999992609,0.170076847,0.315418512,7.59583E-07,0.213053316,2.68543E-07
C,5,1,0.999999881,9.60274E-08,1,0.999999881,1,0.999999642,1
C,6,0.983669341,3.7347E-05,0.999995947,0.940724313,0.974213004,2.49192E-07,0.936390877,3.27423E-08
C,7,0.531422973,1.07467E-09,1,0.043375324,0.403290153,1.96962E-13,0.242405251,1.60107E-14
C,8,0.999342859,0.998553574,0.001936719,0.999893904,0.999016404,0.999673009,0.99742198,0.999520302
C,9,0.483660519,6.85074E-07,0.999999881,0.073129244,0.368219197,1.8789E-09,0.23902306,3.77337E-10
C,10,0.531436443,9.6555E-10,1,0.043528985,0.40314427,1.71476E-13,0.241982609,1.37547E-14
C,11,0.47242102,2.25235E-07,1,0.09056285,0.356300622,4.91993E-10,0.226623803,8.54306E-11
C,12,0.547273993,7.81353E-10,1,0.033903986,0.418067336,1.06228E-13,0.252010524,8.20178E-15
C,13,0.957809567,0.49108386,0.653577328,0.977031171,0.937947631,0.441704392,0.884183168,0.346251428
C,14,0.999928355,0.999806941,0.000276359,0.999991655,0.999892473,0.999966979,0.999670506,0.999940038
C,15,0.48199299,9.22523E-08,1,0.080620296,0.363742411,1.34474E-10,0.229109898,2.06147E-11
C,16,1,1,4.67747E-09,1,1,1,1,1
C,17,1,1,1.26026E-10,1,1,1,1,1
C,18,0.850555539,1.37594E-20,1,0.000211682,0.739119947,3.8808E-30,0.431670517,7.36515E-33
C,19,0.998931587,0.993483603,0.008046121,0.999571741,0.998218,0.998111248,0.991953075,0.997267008
C,20,1,1,4.0317E-07,1,1,0.999999881,1,0.999988556
C,21,1,0.999999881,2.12638E-06,1,1,0.999999285,1,0.9998914
C,22,1,0.999999881,9.52847E-06,1,1,0.999992132,1,0.996192336
C,23,0.990415812,2.5414E-19,1,0.017286254,0.981540918,3.55907E-28,0.922032058,4.94274E-31
C,24,1,1.12752E-05,1,1,1,2.78202E-11,1,1.2312E-14
C,25,1,0.962811649,0.874230206,1,1,0.007897501,1,7.20211E-06
C,26,1,1,5.7505E-16,1,1,1,1,1
C,27,0.999997377,6.76751E-28,1,0.514511406,0.999994278,0,0.999926925,0
C,28,1,1.6096E-17,1,0.999920964,0.999999881,6.93773E-27,0.999999046,9.90992E-31
C,29,0.652546108,8.9195E-15,1,0.008488216,0.508136868,7.35728E-21,0.276798189,1.13058E-22
C,30,1,1,5.78119E-10,1,1,1,1,0.999999881
C,31,1,1,3.5333E-12,1,1,1,1,1
C,32,1,4.94127E-16,1,1,1,1.85096E-26,1,2.2076E-31
C,33,0.999999046,1.70086E-22,1,0.974572122,0.999997854,8.90853E-34,0.99997592,5.26168E-38
C,34,0.918039203,3.52601E-29,1,1.7066E-05,0.830166698,0,0.467987061,0
C,35,1,1,2.54303E-05,1,1,0.999901175,1,0.486097068
C,36,1,1,5.92077E-12,1,1,1,1,0.999999881
C,37,1,1.26904E-12,1,0.999999523,1,4.67821E-20,0.999999881,2.08183E-23
C,38,0.828025758,6.90812E-22,1,0.000309095,0.702449143,1.36512E-31,0.378833979,1.9405E-34
C,39,1,0.999966145,0.001547414,1,1,0.997569382,1,0.619729757
C,40,1,1,1.38896E-19,1,1,1,1,1
C,41,1,1,2.65274E-12,1,1,1,1,1
C,42,1,1,3.42509E-14,1,1,1,1,1
C,43,1,1,1.38121E-16,1,1,1,1,1
C,44,1,1,7.58323E-08,1,1,1,1,0.999999404
C,45,0.93110925,6.5737E-34,1,1.18037E-05,0.845995188,0,0.444997221,0
C,46,0.604739606,9.92933E-13,1,0.016602604,0.465015084,7.26952E-18,0.262277097,2.1866E-19
C,47,1,1,1.21791E-14,1,1,1,1,1
C,48,0.760420322,5.34471E-20,1,0.001503215,0.61651051,1.62456E-28,0.315891296,4.45661E-31
C,49,0.87086457,1.44415E-27,1,0.000123909,0.752029717,0,0.377914995,0
C,50,0.662174284,3.33492E-15,1,0.007375601,0.517134666,1.74547E-21,0.279894799,2.33194E-23
C,51,0.757850945,7.51353E-20,1,0.001574892,0.61371851,2.63421E-28,0.314683914,7.55306E-31
C,52,1,1,1.67331E-11,1,1,1,1,1
C,53,0.912145376,1.36117E-30,1,2.65344E-05,0.816304505,0,0.431974143,0
C,54,0.815254927,2.55382E-23,1,0.000504859,0.679663599,2.38698E-33,0.342545211,2.24093E-36
C,55,0.851083219,3.40304E-25,1,0.000201342,0.727188349,3.43847E-36,0.37306723,0
C,56,1,1,1.13054E-09,1,1,1,1,1
C,57,0.927819967,3.4677E-30,1,1.03759E-05,0.846692562,0,0.488236368,0
C,58,0.663470685,2.81405E-15,1,0.007234733,0.518330753,1.40464E-21,0.280540317,1.84827E-23
C,59,0.860145152,8.39069E-26,1,0.000156482,0.73959589,4.12142E-37,0.380319774,0
C,60,0.934290946,5.79307E-33,1,8.74458E-06,0.854162633,0,0.470691204,0
C,61,0.963159621,9.28986E-38,1,1.03723E-06,0.908836961,0,0.543370426,0
C,62,1,1,2.45121E-08,1,1,1,0.999999881,1
C,63,0.920669258,5.76748E-30,1,1.56289E-05,0.833569825,0,0.467847824,0
C,64,0.743537128,3.97344E-19,1,0.00202712,0.598271966,3.26377E-27,0.309383988,1.21404E-29
C,65,0.983380437,1.75196E-07,1,0.863424897,0.972574651,9.47414E-11,0.922652185,6.48472E-12
C,66,0.8193174,5.00331E-23,1,0.00043793,0.686439812,5.51284E-33,0.35252279,5.70201E-36
C,67,0.812375724,6.28814E-22,1,0.000482028,0.680031419,1.8365E-31,0.357028812,2.69939E-34
C,68,0.765990734,6.28249E-20,1,0.001306965,0.624009252,1.95798E-28,0.324106812,5.59001E-31
C,69,0.984543145,0,1,5.01611E-08,0.955461144,0,0.635428548,0
C,70,0.984804273,0,1,4.78008E-08,0.95588851,0,0.632794082,0
C,71,0.947604239,2.15172E-12,1,0.191632882,0.910787821,9.88134E-18,0.756923497,1.85679E-19
C,72,0.999979854,0.833443344,0.463330001,0.999992371,0.999967575,0.434360147,0.999863505,0.120993681
C,73,0.777887344,5.05203E-21,1,0.001084865,0.635856092,5.59238E-30,0.324239314,1.12254E-32
C,74,0.518729568,3.37234E-09,1,0.051146764,0.392907739,9.98898E-13,0.238196015,9.39074E-14
C,75,0.731841564,1.87703E-18,1,0.00247776,0.586077094,2.75265E-26,0.303702474,1.22721E-28
C,76,0.952166319,4.6975E-10,1,0.415428489,0.920856655,2.42702E-14,0.794686198,9.23861E-16
C,77,0.964823425,0,1,1.0068E-06,0.91045022,0,0.526676774,0
C,78,0.999639511,7.89331E-05,0.999994159,0.99893409,0.999398589,2.04268E-07,0.997649968,1.46601E-08
C,79,0.999927998,0.3280783,0.911293805,0.999957561,0.999884129,0.037694022,0.999552548,0.006563276
C,80,0.752694726,1.62008E-19,1,0.001728373,0.608211875,7.27201E-28,0.311690658,2.2547E-30
C,81,0.898394525,3.3426E-30,1,5.05597E-05,0.792180955,0,0.399927229,0
C,82,0.898179352,3.60815E-30,1,5.09623E-05,0.791863918,0,0.399560511,0
C,83,0.829740882,3.04013E-24,1,0.000363747,0.697679281,9.29211E-35,0.349567652,6.2018E-38
C,84,0.635874987,4.90617E-14,1,0.010778347,0.492836863,8.67022E-20,0.271392137,1.68519E-21
C,85,0.938204229,4.72815E-34,1,7.33763E-06,0.86012125,0,0.469485343,0
C,86,0.999999762,0.05156656,0.996845305,0.999999762,0.999999523,0.000341564,0.999997139,1.1859E-05
C,87,0.551561475,0.000725991,0.999781668,0.375875503,0.445664525,5.58065E-05,0.322649539,2.55631E-05
C,88,0.792099059,9.09144E-22,1,0.000821988,0.652256966,3.76147E-31,0.329422832,5.59937E-34
C,89,1,1,4.27983E-10,1,1,1,1,1
C,90,0.853013813,5.91694E-26,1,0.000204077,0.727825463,2.73271E-37,0.363455564,0
C,91,0.551858187,1.49281E-10,1,0.033497252,0.419944674,1.09329E-14,0.247316048,6.68078E-16
C,92,1,6.55481E-08,1,0.999999642,1,4.91889E-13,0.999999404,1.63482E-15
C,93,1,0.999908686,0.025136735,1,1,0.732802987,1,0.000878571
C,94,1,0.99999094,0.007867069,1,1,0.819700062,1,0.0002585
C,95,1,1,1.19497E-19,1,1,1,1,1
C,96,1,0.999649048,0.189318389,1,1,0.104799204,1,1.2449E-05
C,97,1,2.30913E-10,1,0.999999881,1,6.692E-17,0.999999881,5.92479E-20
C,98,0.814129949,3.79138E-23,1,0.000518138,0.678424537,3.51279E-33,0.340406418,3.30173E-36
C,99,1,8.43312E-07,1,1,1,6.49815E-13,1,2.41506E-16
C,100,1,1.6593E-06,1,1,1,2.09296E-13,1,1.98117E-17
C,101,1,1,1.96179E-14,1,1,1,1,1
C,102,1,2.32528E-06,1,1,1,1.68673E-14,1,1.94298E-19
C,103,1,8.79222E-06,1,1,1,2.09577E-12,1,2.02574E-16
C,104,0.501007736,1.66545E-08,1,0.063816495,0.37872833,1.0638E-11,0.233777806,1.26606E-12
C,105,1,2.94037E-15,1,0.999996662,1,8.22766E-24,0.999999642,2.0629E-27
C,106,1,0.027295081,0.999984503,1,1,2.17551E-08,1,1.1541E-12
C,107,1,0.999926925,0.124931224,1,1,0.063174874,1,1.4187E-06
C,108,1,0.000539831,1,1,1,3.2857E-12,1,1.09736E-17
C,109,1,1,5.07894E-22,1,1,1,1,1
C,110,1,1,1.12762E-13,1,1,1,1,1
C,111,0.999999881,3.16188E-29,1,0.988750994,0.999999881,0,0.999996185,0
C,112,1,1,2.25108E-11,1,1,1,1,0.999997735
C,113,1,1,5.5048E-23,1,1,1,1,1
C,114,0.999994159,4.81431E-12,1,0.9995296,0.999989271,2.4626E-18,0.999921322,6.85248E-21
C,115,1,1,2.13358E-18,1,1,1,1,1
C,116,1,1,2.58774E-24,1,1,1,1,1
C,117,1,0.999999881,4.29641E-06,1,1,0.999994874,1,0.996486783
C,118,0.722908556,2.78398E-15,1,0.002242504,0.586630225,5.67071E-22,0.335375875,7.09325E-24
C,119,0.705985248,1.10583E-11,1,0.004138012,0.578247428,3.589E-17,0.360172898,1.23543E-18
C,120,0.534216821,1.21993E-08,1,0.037853021,0.409692109,4.82199E-12,0.255654871,5.45704E-13
C,121,0.779322565,1.13922E-17,1,0.000777225,0.648976147,1.52132E-25,0.368800968,8.6679E-28
C,122,0.654609621,5.78772E-13,1,0.006949756,0.517024159,1.85886E-18,0.299952418,5.06318E-20
C,123,0.419898331,2.96203E-05,0.999993801,0.16769889,0.316316813,6.26731E-07,0.21354726,2.18777E-07
C,124,0.919014513,0.097459644,0.954573512,0.932417929,0.882117927,0.039111912,0.798911095,0.023074683
C,125,0.458762586,7.73452E-07,0.999999881,0.106682435,0.345747441,3.06556E-09,0.223329663,6.3907E-10
C,126,1,1,2.1718E-11,1,1,1,1,1
C,127,1,1,1.64938E-11,1,1,1,1,1
C,128,1,1,2.04032E-18,1,1,1,1,1
C,129,1,1,2.67194E-07,1,1,0.999999881,1,0.999952435
C,130,0.704235435,5.49403E-11,1,0.004757945,0.577956855,2.84662E-16,0.365798235,1.18187E-17
C,131,1,1,4.37543E-15,1,1,1,1,1
C,132,1,1,1.2725E-14,1,1,1,1,1
C,133,1,1,6.8585E-19,1,1,1,1,1
C,134,1,1,6.07051E-09,1,1,1,1,1
D,0,0.999622107,3.2104E-25,1,1.33237E-14,0.998022556,0,0.456376553,0
D,1,0.946250498,6.66575E-11,1,9.07962E-05,0.903129578,1.17664E-19,0.759041846,1.55821E-21
D,2,0.999993324,7.47779E-29,1,5.96074E-14,0.999977827,0,0.999657154,0
D,3,0.99927789,2.37185E-22,1,2.06117E-09,0.998156607,0,0.986769557,0
D,4,0.999200642,3.68187E-23,1,2.2125E-09,0.997950971,0,0.985053599,0
D,5,0.991831601,1.11047E-18,1,5.10859E-07,0.982036173,5.83873E-33,0.918413222,3.2465E-36
D,6,0.999999046,3.61847E-35,1,4.33824E-16,0.999996185,0,0.999908209,0
D,7,0.940401316,2.04701E-14,1,6.91384E-05,0.890073895,5.63647E-24,0.708320141,3.01572E-26
D,8,1,0,1,9.41966E-20,0.999999881,0,0.99999404,0
D,9,0.999998212,7.61935E-34,1,1.96229E-15,0.999993563,0,0.999860287,0
D,10,0.977907598,7.25299E-17,1,6.0505E-06,0.954936385,6.49969E-29,0.838218331,9.93774E-32
D,11,1,0,1,2.43291E-22,1,0,0.999999166,0
D,12,0.999947309,3.97294E-29,1,3.96356E-12,0.999838829,0,0.997994065,0
D,13,0.999999881,0,1,6.20068E-18,0.999999285,0,0.999974966,0
D,14,0.999997854,2.94328E-36,1,1.84227E-15,0.999991894,0,0.999815047,0
D,15,0.998824894,1.27775E-19,1,9.10469E-09,0.997146547,1.47587E-37,0.982441962,0
D,16,0.999950051,5.41279E-27,1,5.06979E-12,0.999850392,0,0.998265922,0
D,17,0.999998689,1.00242E-33,1,1.11464E-15,0.999994993,0,0.999888659,0
D,18,0.999990106,1.56968E-30,1,9.98381E-14,0.999967217,0,0.999483109,0
D,19,0.996368766,6.9585E-23,1,5.26736E-08,0.991308033,0,0.948389471,0
D,20,0.999948978,1.23642E-27,1,4.57655E-12,0.999845624,0,0.998175263,0
D,21,0.519737363,3.08552E-05,0.999993801,0.235654384,0.408211917,5.7473E-07,0.276939541,1.84437E-07
D,22,0.99217236,2.02305E-17,1,5.98706E-07,0.982950628,1.93943E-31,0.925063491,1.45767E-34
D,23,0.978408813,2.47376E-16,1,5.36474E-06,0.95604986,3.01109E-28,0.844773293,5.57157E-31
D,24,0.999999881,3.8532E-38,1,2.29538E-18,0.999999523,0,0.99998498,0
D,25,0.99882406,2.12995E-19,1,9.46943E-09,0.997150362,2.85853E-37,0.982614338,0
D,26,0.999881268,0.999357283,0.00100027,0.999983072,0.999822557,0.999827325,0.999445379,0.999651313
D,27,0.999995351,3.53997E-29,1,2.45605E-14,0.999984264,0,0.999744833,0
D,28,0.999369919,1.06535E-19,1,2.3899E-09,0.998426676,9.95011E-39,0.989565611,0
D,29,0.993282914,2.31922E-18,1,4.67478E-07,0.985105038,5.77097E-33,0.930191457,2.86402E-36
D,30,0.783540189,8.42235E-10,1,0.0028176,0.674120903,1.55794E-15,0.462833583,6.63422E-17
D,31,0.999651909,3.15446E-24,1,3.27107E-10,0.999064624,0,0.992196321,0
D,32,0.884870708,7.51927E-11,1,0.000563197,0.808129191,3.42868E-18,0.608057261,7.02423E-20
D,33,0.997405946,7.03994E-21,1,3.26169E-08,0.993829429,9.17764E-38,0.964336753,0
D,34,0.999772489,1.73374E-21,1,2.63507E-10,0.999395013,0,0.995154142,0
D,35,0.999995947,1.01578E-32,1,1.01419E-14,0.999985576,0,0.999731362,0
D,36,0.99999392,7.91321E-32,1,2.55945E-14,0.999979019,0,0.99963665,0
D,37,0.999998689,4.59011E-35,1,7.02719E-16,0.999994993,0,0.999883771,0
D,38,1,0,1,5.21584E-20,0.999999881,0,0.999996305,0
D,39,0.999999762,1.1905E-35,1,1.70258E-17,0.999999285,0,0.999977589,0
D,40,0.997172058,1.08265E-16,1,9.23581E-08,0.993590713,2.62117E-32,0.968043804,1.28034E-35
D,41,0.995673716,1.34552E-18,1,1.29755E-07,0.990183771,5.98853E-34,0.951190293,2.45138E-37
D,42,0.999951005,5.85307E-27,1,3.87392E-12,0.999853015,0,0.998310566,0
D,43,1,0,1,1.16739E-23,1,0,0.999999762,0
D,44,1,0,1,2.41029E-21,1,0,0.999998212,0
D,45,1,0,1,2.4409E-20,0.999999881,0,0.999994874,0
D,46,0.999999285,9.34379E-35,1,2.14341E-16,0.999997258,0,0.999931931,0
D,47,0.999961138,4.38698E-25,1,4.38655E-12,0.999884486,0,0.998710871,0
D,48,1,0,1,1.00482E-20,1,0,0.999997854,0
D,49,0.999999404,5.96305E-32,1,9.19831E-17,0.999997497,0,0.999898791,0
D,50,1,0,1,9.4935E-20,0.999999881,0,0.999993205,0
D,51,1,0,1,4.78702E-20,0.999999881,0,0.999995112,0
D,52,0.249258816,9.67041E-12,1,6.94545E-08,0.070019551,1.8183E-17,0.000105499,1.16513E-18
D,53,1,0,1,2.41238E-22,1,0,0.999999046,0
D,54,0.999989748,2.44678E-32,1,6.33594E-14,0.999965191,0,0.999422908,0
D,55,1,0,1,5.9776E-20,0.999999881,0,0.999995232,0
D,56,1,0,1,6.11827E-23,1,0,0.999999166,0
D,57,1,0,1,2.58866E-22,1,0,0.999999046,0
D,58,0.999989271,3.8344E-31,1,9.07533E-14,0.999963999,0,0.999429762,0
D,59,1,0,1,9.94311E-21,1,0,0.999996901,0
D,60,0.999990344,2.1329E-30,1,7.91313E-14,0.999968052,0,0.999501586,0
D,61,0.977532148,1.35317E-18,1,3.70199E-06,0.953353584,4.79136E-31,0.826110363,5.12324E-34
D,62,0.999511123,1.44803E-23,1,6.4997E-10,0.998713374,0,0.989969313,0
D,63,0.958974898,4.61401E-14,1,2.82786E-05,0.922017574,3.55819E-24,0.776001096,1.78542E-26
D,64,0.996382594,0.939807892,0.102954075,0.998817265,0.994545341,0.954923749,0.987190664,0.925079942
D,65,0.999999642,1.73886E-36,1,3.16422E-17,0.999998689,0,0.99996376,0
D,66,0.999662757,1.83563E-21,1,4.7093E-10,0.999118388,0,0.993320107,0
D,67,0.999999762,1.29034E-34,1,2.99951E-17,0.999998927,0,0.999971271,0
D,68,0.996962011,1.65399E-18,1,6.36862E-08,0.993001878,1.90063E-34,0.963579714,6.51945E-38
D,69,0.908942163,3.92871E-16,1,5.95117E-10,0.694246471,2.35488E-28,0.005014527,7.17799E-31
D,70,0.9998492,9.26071E-22,1,9.23721E-11,0.999591291,0,0.996561825,0
D,71,0.998841226,2.37737E-32,1,6.6398E-21,0.982263863,0,0.000168513,0
D,72,0.957265139,5.27356E-11,1,5.49862E-05,0.921383679,3.27855E-20,0.79341644,3.69236E-22
D,73,0.792535663,1.69061E-07,1,0.00246883,0.6858055,9.25228E-13,0.462385416,7.0948E-14
D,74,1,1,3.99433E-10,1,1,1,1,1
E,0,0.364633113,0.006383749,0.997000396,0.303048939,0.27563718,0.001580831,0.199642703,0.001175686
E,1,0.851218104,0.484545857,0.610311091,0.916326106,0.793550491,0.531049192,0.687292218,0.505288184
E,2,0.514349818,0.000652273,0.999804676,0.255986363,0.40749386,3.76994E-05,0.287310153,1.82927E-05
E,3,0.999926805,0.999853611,0.000198623,0.999992251,0.999890089,0.999977827,0.999659061,0.999961853
E,4,0.998931587,0.993483603,0.008046121,0.999571741,0.998218,0.998111248,0.991953075,0.997267008
E,5,0.851132691,2.09613E-09,1,0.001080254,0.762842178,8.6758E-16,0.565396667,3.32637E-17
E,6,0.404079974,0.000138787,0.999963284,0.200136304,0.304564357,5.78789E-06,0.209407866,2.49114E-06
E,7,0.456843495,1.19749E-05,0.999997973,0.099927418,0.347935945,1.17655E-07,0.233784243,3.54661E-08
E,8,0.999998689,0.999997735,3.17679E-06,0.999999881,0.999998093,0.999999881,0.999991775,0.999999642
E,9,0.970612884,0.931486189,0.090864606,0.99009198,0.9569031,0.969319701,0.920035839,0.965059042
E,10,0.21919708,9.96451E-08,1,0.000111939,0.093232922,1.69622E-10,0.00220368,4.30217E-11
E,11,0.850652874,0.000779509,0.999521613,0.170673221,0.715755582,0.000143344,0.105996981,6.82891E-05
E,12,0.776415765,0.00215225,0.998311639,0.160665676,0.606791735,0.000833786,0.069918014,0.000503266
E,13,0.546034336,1.28282E-06,0.999999881,0.036061145,0.426337928,1.67374E-09,0.283692777,3.3626E-10
E,14,0.754413307,0.053344522,0.972652316,0.773846388,0.671218157,0.022768691,0.543253481,0.01611313
E,15,0.999405622,0.998763084,0.001646084,0.999906659,0.999106824,0.999725044,0.997658253,0.999603093
E,16,0.538551211,2.99807E-05,0.999995947,0.050560266,0.423065513,1.03557E-07,0.291182697,2.95674E-08
E,17,0.886227787,3.275E-08,1,0.000651135,0.813078105,7.88084E-15,0.629788816,3.43107E-16
E,18,0.376779407,0.001846956,0.999276936,0.267843336,0.284456551,0.000266794,0.202889219,0.00016808
E,19,0.961622298,6.69618E-12,1,3.52709E-05,0.927994072,1.49028E-21,0.801870346,1.28496E-23
E,20,0.79773134,5.98989E-12,1,3.64652E-07,0.556993127,1.89784E-20,0.016785504,3.41669E-22
E,21,0.999181092,0.705923915,0.547252238,0.999613822,0.99871695,0.453651607,0.996458232,0.226471931
E,22,0.999999046,0.999916792,0.000199323,0.999999881,0.999998569,0.999960423,0.999993324,0.999853015
E,23,0.999995708,0.99998188,2.75077E-05,0.999999642,0.999993324,0.999997258,0.999974489,0.99999404
E,24,0.492653996,3.49809E-08,1,0.070748456,0.372110426,3.22245E-11,0.231772244,4.29043E-12
E,25,0.454754949,1.90169E-06,0.999999762,0.109967455,0.343411803,1.04717E-08,0.224365667,2.45957E-09
E,26,0.494187891,7.02998E-07,0.999999881,0.061887864,0.378012061,1.72733E-09,0.246497914,3.47381E-10
E,27,0.515592456,8.71356E-05,0.999979973,0.262761831,0.404543966,2.60711E-06,0.284880191,9.8769E-07
E,28,0.997148573,0.881673455,0.216719091,0.998921156,0.995624006,0.865526795,0.989557803,0.772529006
E,29,0.540806651,1.82762E-05,0.999997497,0.073043786,0.425735444,7.57655E-08,0.290468693,2.01278E-08
E,30,0.998535991,0.937923849,0.118142299,0.999540925,0.997781336,0.938663423,0.994042695,0.877979994
E,31,0.998931587,0.993483603,0.008046121,0.999571741,0.998218,0.998111248,0.991953075,0.997267008
E,32,0.51868397,2.18748E-05,0.999996901,0.058226228,0.404441625,9.61001E-08,0.276327044,2.74924E-08
E,33,0.345706075,3.71801E-11,1,2.67947E-07,0.119360387,5.01954E-17,0.000420785,3.01152E-18
F,0,1,0,1,2.55599E-27,1,0,1,0
F,1,1,0,1,2.2143E-21,1,0,0.999999166,0
F,2,1,0,1,1.47666E-21,1,0,0.999998331,0
F,3,1,0,1,2.18475E-26,1,0,1,0
F,4,0.999999404,9.09209E-30,1,5.77217E-16,0.999997497,0,0.999948621,0
F,5,0.999998569,1.63405E-34,1,9.82722E-16,0.999994636,0,0.999878526,0
F,6,0.999969006,4.58156E-27,1,2.10836E-12,0.999902964,0,0.998794079,0
F,7,0.965987206,8.64081E-14,1,2.37219E-05,0.933809817,2.67378E-24,0.801209152,1.24858E-26
F,8,0.999999881,1.68419E-36,1,9.85818E-18,0.999999285,0,0.999977112,0
F,9,0.999999762,6.49967E-33,1,3.63226E-17,0.999999046,0,0.999976158,0
F,10,0.999985099,1.37492E-25,1,6.31031E-13,0.999952793,0,0.999397039,0
F,11,0.999960899,1.07595E-29,1,2.13914E-12,0.999874473,0,0.998325646,0
F,12,0.999940991,2.12237E-25,1,1.02733E-11,0.999823391,0,0.998075128,0
F,13,0.999999642,6.47414E-33,1,8.98304E-17,0.999998689,0,0.999966621,0
F,14,1,0,1,2.12709E-22,1,0,0.999998689,0
F,15,0.999999523,0,1,7.8674E-17,0.999997735,0,0.999930739,0
F,16,0.99892199,1.41414E-23,1,4.44638E-09,0.997188985,0,0.979590416,0
F,17,0.910673797,1.51909E-13,1,0.000196867,0.840661585,3.12379E-22,0.629728496,2.83249E-24
F,18,1,0,1,3.19881E-28,1,0,1,0
F,19,0.999995708,8.72396E-29,1,3.08649E-14,0.999985218,0,0.999756157,0
F,20,0.999999285,0,1,1.44869E-16,0.999996781,0,0.99990201,0
F,21,1,0,1,1.48321E-29,1,0,1,0
F,22,1,0,1,7.07824E-20,0.999999881,0,0.999991059,0
F,23,0.99999392,1.07802E-35,1,1.8383E-14,0.999977589,0,0.999541759,0
F,24,0.999604046,4.33549E-25,1,4.76006E-10,0.998904943,0,0.990516365,0
F,25,0.998752117,2.33114E-20,1,1.02779E-08,0.996896029,1.48569E-38,0.980300963,0
F,26,0.99968946,3.77793E-24,1,3.36847E-10,0.999143958,0,0.992634714,0
F,27,0.999999523,0,1,5.85318E-17,0.999997973,0,0.9999367,0
F,28,0.999981761,7.01933E-34,1,2.23737E-13,0.9999367,0,0.998929799,0
F,29,0.999968886,7.51087E-35,1,5.47751E-13,0.999892831,0,0.998230875,0
F,30,0.993196368,2.96588E-26,1,1.08275E-07,0.983112276,0,0.897710025,0
F,31,0.998667955,1.52491E-20,1,1.16242E-08,0.996682465,1.06501E-38,0.97893393,0
F,32,0.998826563,4.13914E-19,1,1.1703E-08,0.997113347,4.55247E-37,0.982314706,0
F,33,1,0,1,5.53479E-20,0.999999881,0,0.99999094,0
F,34,0.999689817,1.89819E-32,1,6.16094E-11,0.999061286,0,0.989248872,0
F,35,0.97756952,7.54427E-19,1,4.23822E-06,0.952354193,1.44308E-31,0.818938315,1.42074E-34
F,36,0.970627248,4.45109E-16,1,1.19597E-05,0.940648139,1.61206E-27,0.803605974,3.8139E-30
F,37,0.999999881,1.04323E-34,1,4.37244E-18,0.999999642,0,0.999988556,0
F,38,0.979933619,2.22086E-14,1,7.54354E-06,0.959245086,5.18535E-26,0.860891819,1.50523E-28
F,39,0.999974489,3.38366E-31,1,6.93731E-13,0.999915481,0,0.998752594,0
F,40,0.999948144,2.29626E-28,1,4.58927E-12,0.999838591,0,0.998016119,0
F,41,0.999981165,2.07518E-25,1,1.04226E-12,0.999940991,0,0.999271572,0
F,42,1,0,1,5.54695E-25,1,0,0.999999523,0
F,43,0.999979854,4.63761E-31,1,4.06196E-13,0.999934077,0,0.999020696,0
F,44,1,0,1,2.19186E-24,1,0,0.999997258,0
F,45,0.996363103,3.10761E-25,1,3.5553E-08,0.991099775,0,0.942874372,0
F,46,0.999649763,3.65848E-28,1,1.7064E-10,0.998998582,0,0.990304053,0
F,47,1,0,1,3.41865E-20,0.999999881,0,0.999997258,0
F,48,0.9999789,1.17298E-31,1,2.97723E-13,0.999929786,0,0.998950422,0
F,49,1,0,1,2.26344E-37,1,0,1,0
F,50,0.998999417,0,1,1.73199E-10,0.996967971,0,0.960056484,0
F,51,0.999979258,0,1,3.09362E-14,0.999922395,0,0.998301625,0
F,52,0.996644378,2.17528E-23,1,3.22883E-08,0.991778672,0,0.949963272,0
F,53,1,0,1,1.63151E-35,1,0,1,0
F,54,1,0,1,9.87677E-27,1,0,0.999999881,0
F,55,0.999999881,2.0445E-38,1,1.03138E-18,0.999999762,0,0.99998951,0
F,56,1,0,1,5.17955E-29,1,0,1,0
F,57,1,0,1,1.99716E-28,1,0,0.999999762,0
F,58,0.999999881,0,1,1.00073E-20,0.999999285,0,0.999922156,0
F,59,0.999508381,0,1,2.94751E-11,0.998426557,0,0.975196838,0
F,60,1,0,1,1.04191E-29,1,0,1,0
F,61,0.999997377,0,1,3.71719E-16,0.999989271,0,0.999686241,0
F,62,0.990211129,7.80216E-23,1,2.88029E-07,0.977387846,5.23968E-38,0.886933565,0
F,63,1,0,1,6.13983E-22,1,0,0.999998927,0
F,64,0.999933004,2.40405E-29,1,4.8201E-12,0.999793112,0,0.997490644,0
F,65,0.999994636,2.88776E-29,1,3.21454E-14,0.99998188,0,0.999707997,0
F,66,1,0,1,2.59984E-26,1,0,0.999999881,0
F,67,1,0,1,7.87562E-26,1,0,1,0
F,68,0.999999762,0,1,2.04458E-20,0.999998212,0,0.999776065,0
F,69,1,0,1,2.33365E-36,1,0,1,0
F,70,1,0,1,2.19601E-30,1,0,0.999999881,0
F,71,0.999999762,1.78275E-30,1,0.142757893,0.999999285,0,0.999986291,0
F,72,0.999924302,0,1,1.69985E-13,0.999716341,0,0.992633998,0
F,73,1,0,1,3.95483E-24,1,0,0.999995112,0
F,74,0.999948978,0,1,2.35457E-14,0.999791086,0,0.992817998,0
F,75,0.999608099,0,1,3.0438E-11,0.998772085,0,0.982044458,0
F,76,0.999981165,0,1,2.25617E-14,0.999929547,0,0.998406231,0
F,77,0.515865505,3.55142E-09,1,0.052961186,0.390471399,1.29204E-12,0.238620654,1.28924E-13
F,78,0.343232691,0.051632013,0.966065109,0.372197509,0.260163784,0.035285547,0.194385886,0.035687167
F,79,1,0,1,6.8784E-25,1,0,0.999999642,0
F,80,0.999749482,0,1,1.20898E-11,0.999207914,0,0.988197505,0
F,81,1,0,1,0,1,0,1,0
F,82,0.999986768,0,1,2.16964E-15,0.999943972,0,0.997853816,0
F,83,0.999994874,0,1,1.9361E-17,0.999973059,0,0.997961044,0
F,84,1,0,1,2.13021E-25,1,0,0.999995589,0
F,85,1,0,1,9.39569E-35,1,0,1,0
F,86,0.999910355,0,1,2.64737E-12,0.999687433,0,0.993018925,0
F,87,0.999999762,0,1,1.31992E-19,0.99999845,0,0.999866128,0
F,88,0.580890059,8.78498E-12,1,0.022874292,0.444313049,1.91032E-16,0.255986869,8.01893E-18
F,89,0.999909878,0,1,7.09465E-14,0.999643207,0,0.988765597,0
F,90,1,0,1,6.02882E-28,1,0,0.999999642,0
F,91,1,0,1,7.11399E-36,1,0,1,0
F,92,1,0,1,7.0689E-27,1,0,0.999997377,0
F,93,0.999999404,0,1,4.59588E-19,0.999996543,0,0.99970156,0
F,94,1,0,1,7.4545E-34,1,0,1,0
F,95,1,0,1,6.51409E-36,1,0,1,0
F,96,1,0,1,1.34671E-22,0.999999762,0,0.999967575,0
F,97,1,0,1,4.54209E-05,1,0,1,0
F,98,0.999996662,0,1,2.08254E-07,0.99998951,0,0.999719441,0
F,99,1,0,1,7.07604E-31,1,0,0.999999881,0
F,100,0.999790013,0,1,1.42641E-12,0.999245882,0,0.982877493,0
F,101,0.999990344,1.66176E-16,1,0.321027249,0.999980092,3.65963E-27,0.999833703,2.02095E-30
F,102,0.99918133,7.44517E-36,1,1.70238E-10,0.997577965,0,0.972898841,0
F,103,1,0,1,3.31164E-27,1,0,0.999999523,0
F,104,1,0,1,0,1,0,1,0
F,105,1,0,1,0,1,0,1,0
F,106,1,0,1,0,1,0,1,0
F,107,1,0,1,0,1,0,1,0
F,108,1,0,1,2.57504E-36,1,0,1,0
F,109,1,0,1,1.89611E-26,1,0,0.999997616,0
F,110,0.999999046,0,1,1.82218E-18,0.999994993,0,0.999627948,0
F,111,1,0,1,1.88509E-36,1,0,1,0
F,112,1,0,1,5.17519E-35,1,0,1,0
F,113,0.998249471,6.36368E-26,1,4.68566E-09,0.9955042,0,0.967676759,0
F,114,1,0,1,1.91876E-27,1,0,0.999999404,0
F,115,1,0,1,3.34343E-28,1,0,0.999999642,0
F,116,1,0,1,5.13399E-24,1,0,0.999990702,0
F,117,1,0,1,9.26795E-30,1,0,0.999999762,0
F,118,1,0,1,2.85138E-25,1,0,0.999992013,0
F,119,1,0,1,0,1,0,1,0
F,120,1,0,1,0,1,0,1,0
F,121,1,0,1,0,1,0,1,0
F,122,1,0,1,0,1,0,1,0
F,123,1,0,1,1.91196E-38,1,0,1,0
F,124,1,0,1,8.14455E-34,1,0,1,0
F,125,0.999999881,0,1,3.93407E-21,0.999999285,0,0.999894023,0
F,126,0.999958158,0,1,2.60626E-14,0.999833703,0,0.994802117,0
F,127,1,0,1,3.20497E-32,1,0,1,0
F,128,0.999999523,0,1,3.24573E-20,0.999997258,0,0.999655604,0
F,129,1,0,1,1.12317E-33,1,0,1,0
F,130,1,0,1,0,1,0,1,0
F,131,1,0,1,0,1,0,1,0
F,132,1,0,1,0,1,0,1,0
F,133,1,0,1,0,1,0,1,0
F,134,1,0,1,0,1,0,1,0
F,135,1,0,1,0,1,0,1,0
F,136,1,0,1,3.52781E-36,1,0,1,0
F,137,1,0,1,0,1,0,1,0
F,138,1,0,1,7.53252E-23,0.999999762,0,0.999942422,0
F,139,1,0,1,0.991384387,1,0,1,0
F,140,0.999844193,0,1,6.6313E-13,0.999441326,0,0.987297893,0
F,141,1,0,1,3.71818E-06,1,0,0.999998927,0
F,142,0.999999166,0,1,8.03678E-19,0.999995351,0,0.999633312,0
F,143,1,0,1,4.57706E-37,1,0,1,0
F,144,1,0,1,0,1,0,1,0
F,145,1,0,1,0,1,0,1,0
F,146,1,0,1,0,1,0,1,0
F,147,1,0,1,0,1,0,1,0
F,148,1,0,1,0,1,0,1,0
F,149,1,0,1,0,1,0,1,0
F,150,0.999998808,0,1,3.05629E-18,0.99999392,0,0.999569595,0
F,151,1,0,1,1.46699E-22,0.999999762,0,0.999959588,0
F,152,1,4.69138E-22,1,1,1,9.68314E-37,1,0
F,153,0.999999166,0,1,2.76301E-19,0.999995351,0,0.999547541,0
F,154,0.999819696,0,1,2.21083E-12,0.999384999,0,0.98834759,0
F,155,1,4.64802E-24,1,0.999666333,1,4.78584E-38,1,0
F,156,0.99996984,0,1,1.04356E-13,0.999892354,0,0.997846484,0
F,157,0.999998808,0,1,1.57479E-12,0.999995708,0,0.999829292,0
F,158,1,6.75481E-32,1,1,1,0,1,0
F,159,0.999999881,0,1,1.34055E-21,0.999999404,0,0.999903798,0
F,160,0.999999762,0,1,2.64827E-20,0.99999845,0,0.999828935,0
F,161,1,0,1,4.1308E-39,1,0,1,0
F,162,1,0,1,0,1,0,1,0
F,163,1,0,1,0,1,0,1,0
F,164,1,0,1,0,1,0,1,0
F,165,1,0,1,0,1,0,1,0
F,166,1,0,1,3.92575E-31,1,0,0.999999881,0
F,167,0.99999845,0,1,5.63071E-18,0.999992251,0,0.999493599,0
F,168,1,0,1,3.40755E-33,1,0,1,0
F,169,0.999998331,0,1,1.29849E-18,0.999990463,0,0.999136984,0
F,170,1,0,1,4.10896E-24,1,0,0.999992371,0
F,171,0.999994516,1.45214E-33,1,0.008321856,0.999985576,0,0.999785483,0
F,172,1,1.79628E-37,1,0.34009093,1,0,1,0
F,173,1,0,1,0.772954583,1,0,1,0
F,174,1,0,1,1.30758E-25,1,0,0.99998939,0
F,175,1,0,1,1.97564E-37,1,0,1,0
F,176,1,0,1,0,1,0,1,0
F,177,1,0,1,0,1,0,1,0
F,178,1,0,1,0,1,0,1,0
F,179,1,0,1,0,1,0,1,0
F,180,1,0,1,5.15854E-34,1,0,1,0
F,181,1,0,1,2.85798E-36,1,0,1,0
F,182,0.999999881,0,1,4.71803E-22,0.999999404,0,0.99989593,0
F,183,1,0,1,1.11519E-25,1,0,0.999995112,0
F,184,1,0,1,1.73753E-29,1,0,0.999999523,0
F,185,1,0,1,1.9849E-28,1,0,0.999999046,0
F,186,0.999998927,0,1,3.39447E-18,0.999994516,0,0.999648452,0
F,187,0.999902487,0,1,2.86418E-13,0.999646783,0,0.991806388,0
F,188,0.999999881,0,1,2.88122E-07,0.999999642,0,0.999983668,0
F,189,0.999998212,0,1,1.96444E-18,0.999990106,0,0.999203265,0
F,190,1,0,1,2.78997E-24,0.999999881,0,0.999977589,0
F,191,1,0,1,8.24094E-26,1,0,0.999992132,0
F,192,1,0,1,4.51921E-34,1,0,1,0
F,193,1,0,1,0,1,0,1,0
F,194,1,0,1,0,1,0,1,0
F,195,1,0,1,0,1,0,1,0
F,196,1,0,1,6.64256E-36,1,0,1,0
F,197,1,0,1,3.84066E-35,1,0,1,0
F,198,1,0,1,7.86387E-37,1,0,1,0
F,199,0.999998212,0,1,2.18281E-10,0.999993443,0,0.999747336,0
F,200,1,6.35594E-13,1,1,1,1.22673E-22,1,5.13668E-27
F,201,0.999722183,0,1,3.75707E-13,0.998912454,0,0.967438757,0
F,202,0.997964263,0,1,2.0315E-10,0.993685782,0,0.912858069,0
F,203,1,0,1,2.55455E-21,0.999999762,0,0.999982119,0
F,204,1,0,1,9.66537E-25,1,0,0.999987841,0
F,205,0.999999642,0,1,1.59013E-19,0.999997973,0,0.999701679,0
F,206,0.999999046,0,1,2.17884E-19,0.999994278,0,0.999375284,0
F,207,1,0,1,2.3008E-23,0.999999762,0,0.999957442,0
F,208,1,0,1,8.36371E-35,1,0,1,0
F,209,1,0,1,0,1,0,1,0
F,210,1,0,1,0,1,0,1,0
F,211,0.999999881,0,1,1.70767E-22,0.999999523,0,0.999902964,0
F,212,1,0,1,2.39805E-30,1,0,0.999999762,0
F,213,0.999992847,0,1,1.1997E-16,0.999966383,0,0.998191416,0
F,214,0.999995708,0,1,1.51547E-06,0.999987721,0,0.999746025,0
F,215,0.99999845,0,1,1.37153E-18,0.999991655,0,0.999326468,0
F,216,0.999999523,0,1,2.23952E-17,0.999997735,0,0.999746859,0
F,217,0.999999881,0,1,2.63312E-21,0.999999046,0,0.999861121,0
F,218,0.999997139,0,1,5.46243E-19,0.999982715,0,0.997900367,0
F,219,1,0,1,2.12753E-29,1,0,0.999999166,0
F,220,1,0,1,1.34784E-30,1,0,0.999999762,0
F,221,0.999999523,0,1,7.28042E-09,0.999997854,0,0.999880552,0
F,222,0.999970436,0,1,4.29576E-13,0.999881864,0,0.995291114,0
F,223,1,6.12773E-38,1,0.626639903,1,0,1,0
F,224,0.788287342,3.38379E-21,1,0.000849006,0.649237216,2.86948E-30,0.335540086,5.50498E-33
F,225,0.583693862,6.97167E-11,1,0.032627385,0.450935364,3.54919E-15,0.267169476,1.90899E-16
F,226,1,0,1,0.999959946,1,0,1,0
F,227,1,5.81411E-22,1,1,1,5.13819E-36,1,0
F,228,1,0,1,1.09626E-23,0.999999881,0,0.999952197,0
F,229,1,0,1,1.57E-22,0.999999762,0,0.99996078,0
F,230,0.999998569,0,1,2.068E-18,0.999992132,0,0.999183238,0
F,231,1,0,1,1.70001E-22,0.999999642,0,0.999927044,0
F,232,0.999996543,0,1,1.52935E-18,0.999980211,0,0.997990966,0
F,233,1,0,1,3.35637E-25,1,0,0.999990821,0
F,234,0.999999881,0,1,1.59391E-21,0.999999285,0,0.999890208,0
F,235,0.992441773,0,1,5.29055E-09,0.977272153,0,0.760693729,0
F,236,0.606194675,8.693E-13,1,0.016276995,0.466296762,5.94806E-18,0.262659758,1.75248E-19
F,237,0.999997377,0.999622822,0.000949392,0.999999642,0.999995828,0.999754488,0.999982476,0.999097824
F,238,1,0,1,1.09965E-24,1,0,0.999990344,0
F,239,0.999979019,0,1,8.79952E-16,0.99990356,0,0.99517113,0
F,240,0.999999285,0,1,2.07604E-17,0.999996543,0,0.999718726,0
F,241,0.999941826,0,1,4.31798E-15,0.999739349,0,0.98760277,0
F,242,1,0,1,4.05361E-23,0.999999762,0,0.999953151,0
F,243,0.999992609,0,1,4.86026E-17,0.999963045,0,0.997577965,0
F,244,1,1.22853E-30,1,0.502347171,1,0,0.999999642,0
F,245,1,0,1,7.23848E-23,0.999999762,0,0.99994123,0
F,246,1,0,1,6.26868E-25,1,0,0.999985576,0
F,247,0.997454107,1.50747E-16,1,7.83148E-08,0.994152606,2.29914E-32,0.970535934,1.13527E-35
F,248,0.732234478,5.1544E-11,1,0.003588047,0.609570026,1.48759E-16,0.392818063,5.69621E-18
F,249,0.999998569,0,1,1.20666E-09,0.999994636,0,0.999769032,0
F,250,0.999994636,0,1,9.44295E-18,0.999970794,0,0.997468829,0
F,251,1,0,1,8.94183E-28,1,0,0.999997258,0
F,252,1,0,1,1.21482E-25,1,0,0.99999702,0
F,253,0.999098539,0,1,2.96444E-11,0.997021496,0,0.947258532,0
F,254,0.998778164,0,1,1.99012E-11,0.99557364,0,0.904865861,0
F,255,0.999999642,0,1,2.68627E-20,0.999998093,0,0.999764502,0
F,256,1,0,1,9.64164E-28,1,0,0.999998808,0
F,257,0.999934435,0,1,1.41689E-14,0.999721467,0,0.989174724,0
F,258,0.999366581,0,1,1.28827E-11,0.997835934,0,0.958804429,0
F,259,0.937986016,1.19855E-28,1,0.000162815,0.870583832,0,0.548417628,0
F,260,0.999995351,0,1,3.18491E-17,0.999976635,0,0.998513401,0
F,261,0.988679111,6.40793E-37,1,6.55175E-07,0.971276164,0,0.793761969,0
F,262,0.999973297,0,1,2.72636E-15,0.999881268,0,0.994781435,0
F,263,0.999987721,0,1,4.39247E-16,0.99994278,0,0.997104704,0
F,264,0.992199242,0,1,1.15105E-08,0.978718638,0,0.816871226,0
F,265,0.958937287,9.30533E-22,1,7.50913E-06,0.916058421,5.49329E-34,0.708321989,3.639E-37
F,266,1,0,1,6.03878E-22,0.999999642,0,0.999953985,0
F,267,1,0,1,2.46756E-24,0.999999881,0,0.999983072,0
F,268,1,0,1,2.12501E-27,1,0,0.999999523,0
F,269,0.99999845,0,1,7.01427E-18,0.999991775,0,0.999456704,0
F,270,1,0,1,1.49733E-24,1,0,0.999995708,0
F,271,1,0,1,9.17461E-27,1,0,0.99999702,0
F,272,0.99999845,0,1,2.03976E-18,0.999991179,0,0.999259293,0
F,273,0.99995625,0,1,2.01814E-15,0.999794066,0,0.988878191,0
F,274,0.999620438,0,1,3.19583E-12,0.99869138,0,0.974317551,0
F,275,0.979565382,0,1,1.20259E-07,0.945931673,0,0.645539224,0
F,276,1,0,1,2.99053E-22,0.999999762,0,0.999967933,0
F,277,1,0,1,2.87481E-27,1,0,0.999997735,0
F,278,1,0,1,2.00389E-35,1,0,1,0
F,279,1,0,1,1.8792E-24,1,0,0.999994636,0
F,280,0.99961251,0.999223471,0.001023527,0.999945641,0.999414444,0.999837279,0.998399436,0.999763429
F,281,0.999985218,0.999929786,0.00011086,0.999998569,0.999977469,0.999986172,0.999922156,0.999970317
F,282,1,0,1,2.12897E-23,1,0,0.999989986,0
F,283,1,0,1,5.72386E-25,1,0,0.999992251,0
F,284,1,0,1,7.00276E-30,1,0,0.999999642,0
F,285,0.992289007,0,1,6.34304E-09,0.97844702,0,0.803680241,0
F,286,0.999443948,0,1,6.14362E-11,0.998261631,0,0.975878656,0
F,287,0.972101271,4.08391E-28,1,1.32186E-06,0.936969697,0,0.713702321,0
F,288,0.999909282,0,1,1.30924E-12,0.999694228,0,0.994637787,0
F,289,0.909637988,2.43087E-27,1,2.24905E-05,0.818889856,0,0.472015113,0
F,290,0.9999125,0,1,2.43458E-13,0.999674916,0,0.992188811,0
F,291,0.995394468,0,1,9.48083E-10,0.985984564,0,0.831336021,0
F,292,0.999993443,0,1,5.66553E-17,0.999966264,0,0.997717738,0
F,293,0.989813507,2.37145E-34,1,4.48944E-08,0.97403878,0,0.817957938,0
F,294,0.972871184,2.95998E-30,1,9.12523E-07,0.937088668,0,0.697236598,0
F,295,0.998723567,0,1,1.80107E-10,0.995948493,0,0.94075036,0
F,296,0.999997497,0,1,7.65937E-17,0.999988437,0,0.999456465,0
F,297,0.556728244,1.03067E-10,1,0.031460788,0.424049228,5.92284E-15,0.248167753,3.3639E-16
F,298,0.955248594,4.85185E-30,1,1.70156E-06,0.901120365,0,0.600361764,0
F,299,0.939396739,5.26178E-22,1,9.7991E-05,0.883663237,1.42783E-32,0.638641536,1.39726E-35
F,300,0.425478458,0.000926114,0.999686122,0.277974278,0.325253248,7.86349E-05,0.228725135,4.22318E-05
F,301,0.415742129,4.77172E-05,0.999989271,0.175818816,0.313259691,1.17175E-06,0.212087482,4.28819E-07
F,302,0.891702533,4.81881E-28,1,5.5976E-05,0.785772145,0,0.415052235,0
F,303,0.957873523,1.02863E-31,1,1.94946E-06,0.904408038,0,0.592215836,0
F,304,0.774763882,4.80012E-18,1,0.000903275,0.641651154,4.73889E-26,0.356458664,2.33102E-28
F,305,0.999987364,0,1,1.5062E-14,0.999951363,0,0.998766422,0
F,306,0.833058536,4.59231E-08,1,0.26296851,0.754197419,2.80924E-11,0.576865315,2.45196E-12
F,307,0.940292835,1.56809E-21,1,6.44226E-05,0.88513279,4.03246E-32,0.646433055,4.55338E-35
F,308,0.998498678,3.59204E-11,1,0.910532534,0.997387946,2.08418E-16,0.989968717,2.33949E-18
F,309,0.975983202,0.848020852,0.219871759,0.990289509,0.964378178,0.881715178,0.930744112,0.847435296
F,310,0.557835817,9.78583E-11,1,0.031019695,0.425006479,5.25374E-15,0.248176888,2.92467E-16
F,311,0.841692686,2.02107E-14,1,0.00454005,0.747361481,6.89441E-21,0.507434905,9.30596E-23
F,312,0.956242561,0.000501512,0.999907851,0.897885919,0.933544934,1.33826E-05,0.865437448,3.07453E-06
F,313,0.725055575,0.000192383,0.999957204,0.483677417,0.631392121,6.3486E-06,0.481571525,2.01142E-06
F,314,0.999998808,0,1,1.96267E-17,0.999994159,0,0.999711215,0
F,315,0.999971032,0,1,5.28273E-14,0.999890208,0,0.997313082,0
F,316,0.990980446,4.03128E-25,1,2.86955E-07,0.978772521,0,0.882434607,0
F,317,0.999007046,0.014372444,0.997598827,0.998646677,0.998424649,0.000525629,0.995395601,8.72346E-05
F,318,0.999945283,0.999891639,0.000143571,0.999994397,0.999917388,0.999983907,0.999736369,0.999972582
F,319,0.468517542,3.96779E-07,1,0.095031872,0.35340336,9.44324E-10,0.224540532,1.68956E-10
F,320,0.549640656,2.04913E-10,1,0.034493163,0.418177694,1.58061E-14,0.246088803,9.83273E-16
F,321,0.999997854,0.999996543,4.6948E-06,0.999999881,0.999996781,0.999999762,0.999987364,0.999999404
F,322,0.999874949,0.868618965,0.335989118,0.999948978,0.999804318,0.672064483,0.999355853,0.345878452
F,323,0.969327509,1.46168E-25,1,2.44268E-06,0.933071434,0,0.722101212,0
F,324,0.998501658,0,1,2.097E-10,0.995396197,0,0.938928306,0
F,325,0.981975257,0.052952208,0.983078957,0.98137629,0.97276628,0.008845586,0.941900373,0.003117199
F,326,0.999836326,0,1,2.56338E-12,0.999439061,0,0.989590943,0
F,327,1,1,3.96704E-08,1,1,1,0.999999881,1
F,328,0.814632654,1.30288E-22,1,0.000488279,0.680799425,1.71916E-32,0.347267389,1.88444E-35
F,329,0.999273002,5.70056E-14,1,0.730594695,0.998668432,9.38386E-21,0.993939757,3.94704E-23
F,330,0.914040625,1.32231E-18,1,5.38935E-05,0.84046948,1.12528E-28,0.58688724,2.72849E-31
G,0,0.945935607,1.15617E-11,1,7.9714E-05,0.901965261,1.27401E-20,0.751430631,1.37548E-22
G,1,0.999999642,0.999998212,2.8607E-06,1,0.999999404,0.999999762,0.999997377,0.999999404
G,2,0.999767601,0.999089837,0.001282674,0.99996841,0.999646187,0.999754488,0.998938262,0.999600947
G,3,0.989111722,0.917596042,0.099063002,0.992981195,0.981950402,0.96008873,0.930933237,0.949942112
G,4,0.887897134,4.14866E-17,1,3.13242E-10,0.630412996,1.95326E-29,0.002653091,5.03882E-32
G,5,0.96712184,0.001122815,0.999758303,0.947088778,0.948713899,3.67253E-05,0.88246733,9.9946E-06
G,6,0.926116526,1.5406E-13,1,0.000177287,0.868208945,2.83944E-22,0.673408687,2.29994E-24
G,7,0.989157796,0.000165283,0.999976754,0.975797594,0.982494771,1.62662E-06,0.950622201,2.71371E-07
G,8,0.986123443,6.22253E-18,1,1.89878E-06,0.970659792,4.41189E-31,0.880848944,3.85679E-34
G,9,0.992439628,4.04252E-19,1,4.46712E-07,0.983289182,1.14169E-33,0.921652973,5.11747E-37
G,10,0.999984384,0.996986687,0.007377082,0.999997377,0.999975204,0.996623516,0.999900818,0.989315271
G,11,0.926204681,8.78652E-14,1,0.000124725,0.867739141,9.13506E-23,0.673420668,6.45562E-25
G,12,0.999994636,0.999963641,5.565E-05,0.999999642,0.999991536,0.999992251,0.999965191,0.999982953
G,13,0.999961138,0.9991346,0.001569804,0.999994755,0.999939322,0.999574721,0.999785841,0.999051273
G,14,0.999170423,0.909105837,0.18501167,0.999732316,0.998704553,0.862615585,0.996292293,0.733624339
G,15,0.999974251,0.999954104,6.00063E-05,0.999997854,0.999960661,0.99999392,0.999866128,0.999989629
G,16,0.940563858,0.320570976,0.769449413,0.943459392,0.906871259,0.276887715,0.75783819,0.215306476
G,17,0.998772204,1.21846E-21,1,4.0768E-12,0.995147169,0,0.591773212,0
G,18,0.982209027,0.048892666,0.982798755,0.985377908,0.9723441,0.007295643,0.935496151,0.003018717
G,19,0.90749675,9.15397E-08,1,0.066919848,0.853975475,5.68435E-12,0.696323574,4.42336E-13
G,20,0.978123963,3.36669E-14,1,7.158E-06,0.956618965,1.89333E-25,0.857141495,6.34557E-28
G,21,0.988740265,8.74091E-16,1,1.45147E-06,0.976432741,1.17192E-28,0.907933891,1.72628E-31
G,22,0.987046242,2.98189E-14,1,2.46019E-06,0.973473608,1.89377E-26,0.903785408,4.61657E-29
G,23,0.999985218,4.58128E-28,1,2.67803E-13,0.999953151,0,0.999363124,0
G,24,0.998653531,1.49415E-20,1,9.12642E-09,0.996726155,1.84307E-38,0.979670048,0
G,25,0.999430835,1.59684E-19,1,1.92845E-09,0.998580098,1.19599E-38,0.990558624,0
G,26,0.980016828,1.75372E-13,1,6.617E-06,0.960464537,1.11435E-24,0.870594561,4.3168E-27
G,27,0.999659538,7.80143E-21,1,5.18731E-10,0.999120295,0,0.993515015,0
G,28,0.988984346,3.40614E-14,1,1.72566E-06,0.977293193,1.19823E-26,0.91562897,2.70724E-29
G,29,0.836497128,1.75461E-08,1,0.001513417,0.745613813,2.23501E-14,0.554657757,1.17381E-15
G,30,0.993934333,1.84777E-15,1,4.19953E-07,0.986929417,2.57379E-29,0.944508433,2.96045E-32
G,31,0.93542093,5.16288E-10,1,0.000141688,0.886550546,3.80031E-18,0.736883283,7.37183E-20
G,32,0.748779356,1.99396E-07,1,0.005525747,0.637766719,4.04278E-12,0.451292157,3.80153E-13
G,33,0.364110708,0.006653827,0.996849954,0.304617047,0.275252521,0.00169479,0.19956246,0.001271151
G,34,0.984652579,3.47344E-14,1,3.60468E-06,0.96880722,4.35111E-26,0.890194416,1.19125E-28
G,35,0.999086857,2.89726E-19,1,5.08853E-09,0.997767448,1.68284E-37,0.986111403,0
G,36,0.459592879,6.12372E-05,0.999987483,0.09998025,0.352148473,9.17321E-07,0.241701767,3.36756E-07
G,37,0.420205921,0.000245613,0.999932766,0.156009823,0.319474548,1.01548E-05,0.222379729,4.69376E-06
H,0,0.426595658,1.75233E-05,0.999996543,0.155059606,0.321455091,2.79433E-07,0.215324089,8.96918E-08
H,1,0.5764153,1.2052E-07,1,0.025304679,0.453322411,4.93194E-11,0.29531008,6.83397E-12
H,2,0.471597165,8.61398E-06,0.999998569,0.08065407,0.360848516,6.19339E-08,0.242008135,1.75779E-08
H,3,0.712103069,6.12398E-07,1,0.008819075,0.596957028,3.5723E-11,0.418032885,4.21502E-12
H,4,0.996376812,9.81327E-18,1,1.15964E-07,0.991780579,3.48051E-33,0.959127665,1.55954E-36
H,5,0.848490894,2.49906E-11,1,0.000829104,0.755383492,3.24307E-18,0.538631022,7.5608E-20
H,6,0.957980812,1.21796E-13,1,3.4033E-05,0.920481384,1.28856E-23,0.774939597,7.2173E-26
H,7,0.995842278,6.38588E-18,1,1.45142E-07,0.990594268,3.44858E-33,0.953842819,1.61208E-36
H,8,0.993891954,4.25554E-19,1,2.79507E-07,0.986251354,4.82331E-34,0.933479786,2.01793E-37
H,9,0.995222747,2.65646E-18,1,1.82365E-07,0.989215314,1.94189E-33,0.947418153,8.87315E-37
H,10,0.984025419,1.53567E-13,1,4.39569E-06,0.967804253,3.31995E-25,0.889526367,1.09437E-27
H,11,0.521633625,3.66177E-07,1,0.043210711,0.402513325,4.9791E-10,0.262151182,8.92071E-11
H,12,0.999541163,7.64193E-21,1,1.15142E-09,0.998823702,0,0.991522789,0
H,13,0.996770382,9.73728E-16,1,1.35367E-07,0.992789924,7.61759E-31,0.965925157,5.30239E-34
H,14,0.996804476,3.24022E-18,1,9.64718E-08,0.992672205,4.70332E-34,0.962077558,1.63649E-37
H,15,0.998598754,5.16263E-22,1,9.79015E-09,0.996530235,0,0.977160335,0
H,16,0.999818861,1.79927E-26,1,7.53415E-11,0.999486804,0,0.994945467,0
H,17,0.999196589,6.09957E-25,1,2.13863E-09,0.997897029,0,0.983489871,0
H,18,0.99461925,3.56148E-20,1,2.16005E-07,0.987702429,1.14906E-35,0.936736345,3.14257E-39
H,19,0.876311302,2.12827E-13,1,0.000448812,0.791020751,2.55088E-21,0.561803579,2.78947E-23
H,20,0.971540928,3.66879E-15,1,1.28545E-05,0.943880618,2.85713E-26,0.818575382,8.12102E-29
H,21,0.999679685,5.77992E-25,1,3.20815E-10,0.999129117,0,0.992380023,0
H,22,0.997509718,3.53009E-22,1,3.36467E-08,0.993973792,0,0.962842226,0
H,23,0.999035835,1.60386E-24,1,3.42931E-09,0.997504294,0,0.981091857,0
H,24,0.929307222,1.71513E-13,1,0.000127229,0.872613311,1.65589E-22,0.683469057,1.22837E-24
H,25,0.976911008,1.52932E-15,1,8.69067E-06,0.953565061,3.61939E-27,0.8407197,7.96969E-30
H,26,0.613025188,2.20697E-09,1,0.01719234,0.485124499,1.47272E-13,0.30379495,1.10242E-14
H,27,0.948615313,4.24517E-14,1,5.80131E-05,0.90406251,7.14289E-24,0.736798525,3.71929E-26
H,28,0.818422675,3.21339E-11,1,0.00154839,0.71533519,9.73906E-18,0.492194682,2.475E-19
H,29,0.989845991,0.01084366,0.997372627,0.987787664,0.984155059,0.000722946,0.960811615,0.000199795
H,30,0.905703068,9.21578E-13,1,0.000264241,0.836338878,5.06465E-21,0.631567359,5.50423E-23
H,31,0.689081013,2.34013E-07,1,0.011423071,0.570379913,1.53718E-11,0.389919311,1.6637E-12
H,32,0.813954532,8.30192E-12,1,0.001602718,0.708228171,1.87285E-18,0.47828576,4.03706E-20
H,33,0.388334811,0.001501545,0.999436677,0.266732216,0.294009328,0.000175263,0.207325101,0.000103898
H,34,0.985435247,7.35149E-17,1,2.68948E-06,0.969476223,1.14914E-29,0.880860746,1.36774E-32
H,35,0.579012811,1.00808E-06,0.999999881,0.032551784,0.458029807,6.60417E-10,0.304905921,1.11474E-10
H,36,0.724534869,3.84465E-09,1,0.005701548,0.605184019,4.07671E-14,0.404787391,2.55607E-15
H,37,0.832384944,3.9881E-09,1,0.001714058,0.738438368,3.30528E-15,0.538188875,1.40393E-16
H,38,0.965433002,5.28772E-14,1,2.45029E-05,0.9334203,1.83962E-24,0.800010681,7.89493E-27
H,39,0.96431154,2.49741E-14,1,2.51643E-05,0.931248546,8.08975E-25,0.79308027,3.22497E-27
H,40,0.791053176,1.77578E-09,1,0.002468098,0.684141457,3.64334E-15,0.477527887,1.72587E-16
H,41,0.995669961,0.756537139,0.406418502,0.998164237,0.993398786,0.675418615,0.983922482,0.509540915
H,42,0.975945413,0.160811633,0.927077413,0.982993603,0.963686883,0.058502652,0.923489571,0.029456811
H,43,0.958954632,2.85306E-12,1,4.06649E-05,0.923243105,6.55619E-22,0.789327443,5.17617E-24
H,44,0.949903488,1.85767E-14,1,4.58717E-05,0.905689061,2.28436E-24,0.738219261,1.12266E-26
H,45,0.738678157,4.93707E-11,1,0.003849036,0.616090477,1.08316E-16,0.396689922,3.90771E-18
H,46,0.68783021,1.63652E-07,1,0.010016454,0.568354428,1.04441E-11,0.387883246,1.13835E-12
H,47,0.986830711,6.27932E-15,1,2.59365E-06,0.972820282,2.45195E-27,0.898850441,4.80316E-30
H,48,0.585782647,7.62758E-05,0.999984384,0.223458841,0.474548489,1.4638E-06,0.332432687,4.89509E-07
H,49,0.991239965,1.79035E-16,1,9.03861E-07,0.981163561,4.714E-30,0.921051145,4.85913E-33
H,50,0.451634258,0.000116756,0.999973774,0.11094036,0.345832765,2.36634E-06,0.239040762,9.50214E-07
H,51,0.465486526,3.04369E-05,0.999994397,0.090984248,0.356658697,3.36963E-07,0.242622986,1.12005E-07
H,52,0.998642981,0.997160196,0.003761831,0.999755085,0.997956991,0.99926275,0.994981587,0.99900949
I,0,0.654440105,3.48353E-10,1,0.010974721,0.526054621,6.7855E-15,0.328415871,3.64716E-16
I,1,0.995945513,4.23654E-16,1,1.93067E-07,0.99101162,6.73276E-31,0.958365738,4.92201E-34
I,2,0.974072039,3.689E-15,1,1.0811E-05,0.948500991,1.91008E-26,0.83001864,5.11952E-29
I,3,0.588704824,1.1625E-10,1,0.036640909,0.455868334,6.18387E-15,0.266614586,3.45637E-16
I,4,0.690870583,4.16373E-11,1,0.048652664,0.563746154,1.21981E-15,0.340993613,5.42861E-17
I,5,0.999999285,0.999999046,1.30166E-06,1,0.999998927,0.999999881,0.999995232,0.999999881
I,6,0.999999762,0.999983907,3.67053E-05,1,0.999999642,0.999993443,0.999997854,0.999974608
I,7,0.65020442,5.56797E-10,1,0.054267336,0.522776961,5.22834E-14,0.321823806,3.40502E-15
I,8,0.999999881,0.999999881,1.787E-07,1,0.999999881,1,0.999999166,1
I,9,0.998881519,1.12816E-19,1,8.09372E-09,0.99727422,1.02382E-37,0.983094275,0
I,10,0.999496102,0.764554083,0.475157231,0.999796569,0.999209523,0.51450032,0.997561336,0.25405544
I,11,0.855847597,2.10812E-06,0.999999762,0.521450758,0.785190642,6.4738E-09,0.610293448,1.00156E-09
I,12,0.970151722,6.39945E-15,1,1.47719E-05,0.941420376,7.00024E-26,0.813859046,2.19101E-28
I,13,0.997452557,3.3062E-16,1,7.5057E-08,0.994233787,7.72949E-32,0.971482217,4.17364E-35
I,14,0.997476518,3.90039E-22,1,3.17432E-08,0.993906915,0,0.962731063,0
I,15,0.675896406,3.77715E-12,1,0.006508915,0.542961538,1.36486E-17,0.325379908,4.19814E-19
I,16,0.944429219,7.22978E-11,1,9.8243E-05,0.899983943,1.44268E-19,0.753180206,1.97113E-21
I,17,0.995654225,4.92528E-20,1,1.32698E-07,0.989997149,7.87099E-36,0.947311401,0
I,18,0.93317169,1.01658E-16,1,6.53383E-05,0.87514329,9.78945E-27,0.661613762,3.01644E-29
I,19,0.997271597,9.02654E-22,1,3.79156E-08,0.9934569,7.19693E-39,0.960940301,0
I,20,0.922236085,7.45953E-12,1,0.000188752,0.86317873,3.20022E-20,0.681601346,4.0115E-22
I,21,0.965204954,0.005883048,0.99843365,0.953370392,0.947073519,0.000437675,0.886934221,0.00014102
I,22,0.997061431,1.29214E-24,1,3.0094E-08,0.99275744,0,0.952672243,0
I,23,0.964027286,2.48999E-19,1,1.16193E-05,0.927119732,3.19795E-31,0.749965608,3.37753E-34
I,24,0.927215338,4.82953E-15,1,9.58847E-05,0.867177248,2.0169E-24,0.662145734,1.04986E-26
I,25,0.989693582,3.547E-22,1,5.50356E-07,0.976707518,4.41618E-37,0.885659277,0
I,26,0.96197468,6.90138E-20,1,1.18806E-05,0.922849953,7.76116E-32,0.735554636,7.32234E-35
I,27,0.736407399,7.97215E-14,1,0.00259917,0.606954932,3.08341E-20,0.363859087,5.22356E-22
I,28,0.952036738,5.83267E-19,1,2.17061E-05,0.90537107,3.17894E-30,0.702983975,4.47835E-33
I,29,0.874916017,2.50087E-15,1,0.00031013,0.785553992,9.5421E-24,0.537623286,6.48491E-26
I,30,0.457369059,1.02339E-06,0.999999881,0.108551912,0.344768673,4.05763E-09,0.222182438,8.4818E-10
I,31,0.567880929,2.5093E-10,1,0.025208682,0.436469644,1.75659E-14,0.260979027,1.13575E-15
I,32,0.603818178,1.13779E-10,1,0.014102882,0.471510172,3.8546E-15,0.284259677,2.18493E-16
J,0,0.616482317,5.96244E-17,1,3.62325E-11,0.204894289,1.07726E-27,6.18791E-05,6.29594E-30
J,1,0.954865396,1.24042E-13,1,3.39785E-05,0.915193319,1.97381E-23,0.765287459,1.21597E-25
J,2,0.919121206,2.97415E-12,1,0.000151658,0.857868791,1.36923E-20,0.672349453,1.72738E-22
J,3,0.392615616,0.000403217,0.999874473,0.226678744,0.296077281,2.836E-05,0.206736669,1.43264E-05
J,4,0.982893527,1.18518E-14,1,3.9377E-06,0.96530515,1.76796E-26,0.87869519,4.62888E-29
J,5,0.97668159,2.10792E-14,1,7.73054E-06,0.953702807,1.30894E-25,0.848613322,4.40164E-28
J,6,0.984772265,1.04494E-14,1,3.08236E-06,0.968892813,9.37192E-27,0.888728917,2.25666E-29
J,7,0.407814771,0.000643988,0.999795973,0.18274948,0.309874058,4.18687E-05,0.217894137,2.20293E-05
K,0,1,1,8.046E-09,1,1,1,1,1
K,1,0.999872088,1.84572E-28,1,2.09994E-11,0.999624848,0,0.995913923,0
K,2,0.975834012,1.08544E-13,1,1.09264E-05,0.952520847,1.13754E-24,0.84811455,4.43048E-27
K,3,0.994371474,3.79518E-23,1,1.13179E-07,0.986777782,0,0.926151693,0
K,4,1,0,1,6.31186E-22,1,0,0.999997973,0
K,5,0.999999881,0,1,9.08569E-19,0.999999404,0,0.999972582,0
K,6,0.999958158,1.08855E-32,1,1.14366E-12,0.999865651,0,0.998065054,0
K,7,0.999597132,1.21665E-22,1,5.99344E-10,0.998943269,0,0.991789222,0
K,8,0.650099337,2.65794E-08,1,0.01319776,0.526275575,1.98615E-12,0.345512301,1.87479E-13
K,9,0.999999285,0,1,8.36689E-17,0.999996781,0,0.999903083,0
K,10,0.999999166,0,1,8.52657E-17,0.999996781,0,0.999898791,0
K,11,0.589698195,4.60017E-12,1,0.020357482,0.45199731,6.31346E-17,0.257388204,2.30778E-18
K,12,0.998075604,9.10687E-24,1,1.13561E-08,0.995215416,0,0.968132079,0
K,13,0.998886049,5.75011E-27,1,2.25153E-09,0.997065127,0,0.976495266,0
K,14,0.995597184,8.02787E-24,1,5.90507E-08,0.989432573,0,0.937303424,0
K,15,0.460991055,7.36074E-07,0.999999881,0.103967175,0.347553432,2.49294E-09,0.223060414,4.96496E-10
K,16,0.99999249,0,1,1.12944E-14,0.999972343,0,0.999384284,0
K,17,0.601350486,1.47706E-12,1,0.01739304,0.462096065,1.22241E-17,0.260870516,3.82287E-19
K,18,0.999999642,1.33217E-38,1,3.30599E-17,0.999998569,0,0.999957681,0
K,19,0.999731362,5.72916E-12,1,0.003637225,0.999463022,1.26707E-22,0.996771753,3.10165E-25
K,20,0.999998808,0,1,1.4672E-16,0.999994874,0,0.999839425,0
K,21,0.761257708,7.5418E-17,1,0.001234659,0.628240645,2.28828E-24,0.35556215,1.62495E-26
K,22,1,0,1,1.01598E-20,1,0,0.99999702,0
K,23,0.999987245,7.66844E-31,1,1.81403E-13,0.999958396,0,0.999356329,0
K,24,0.770067155,6.89968E-17,1,0.000949387,0.639483809,1.85313E-24,0.366657645,1.32644E-26
K,25,0.513560116,2.17199E-08,1,0.05175085,0.390894115,1.31293E-11,0.243623108,1.61532E-12
K,26,0.999781072,5.66889E-23,1,2.05035E-10,0.999412179,0,0.995024621,0
K,27,0.999815285,7.02982E-31,1,2.86324E-11,0.999451339,0,0.993745029,0
K,28,0.945986509,6.90177E-16,1,3.78682E-05,0.897502184,4.73831E-26,0.71174401,1.72567E-28
K,29,0.923001707,1.76837E-16,1,7.12225E-05,0.857824206,3.70075E-26,0.634703457,1.46158E-28
K,30,0.999984384,2.8447E-33,1,1.26117E-13,0.99994719,0,0.999133408,0
K,31,0.939709067,4.97102E-17,1,3.86149E-05,0.885401964,2.58152E-27,0.679267764,7.50616E-30
K,32,0.592680573,4.30861E-11,1,0.017738692,0.458574116,1.21667E-15,0.270725191,6.07003E-17
K,33,0.999959707,2.49553E-31,1,1.16695E-12,0.999871731,0,0.998236895,0
K,34,0.955461085,1.00557E-16,1,2.12149E-05,0.913181424,1.73629E-27,0.737681925,4.5652E-30
K,35,0.382554948,0.001137046,0.99958986,0.25230059,0.288723052,0.000122604,0.20393388,7.06995E-05
K,36,0.977751613,3.01715E-07,1,0.048518695,0.962385595,1.63224E-12,0.896140993,8.36609E-14
K,37,0.998449922,0.996623158,0.004397518,0.999716938,0.997676909,0.999107778,0.994225323,0.998801589
K,38,0.895577192,7.18364E-14,1,0.000216723,0.81852442,3.1316E-22,0.596928537,2.95298E-24
K,39,0.999908209,1.228E-29,1,8.25037E-12,0.999722183,0,0.996718109,0
K,40,0.999895573,6.75007E-30,1,1.0204E-11,0.99968493,0,0.996295989,0
K,41,0.465143383,4.67899E-07,1,0.098889381,0.35070926,1.36306E-09,0.224470794,2.58868E-10
K,42,0.359169394,0.011327219,0.994208336,0.319897681,0.271692961,0.003570802,0.198118255,0.002860303
K,43,0.371788323,0.003320095,0.998595774,0.282027602,0.280868322,0.000579692,0.201170757,0.000387686
K,44,0.991209626,6.71932E-15,1,1.03945E-06,0.981421411,5.24095E-28,0.926387668,8.52095E-31
K,45,0.966387987,7.70001E-15,1,1.62823E-05,0.934315443,1.41545E-25,0.797785461,5.16675E-28
K,46,0.996743917,4.62356E-10,1,0.162863404,0.994233191,1.58831E-16,0.977048337,2.14262E-18
K,47,0.99225992,0.000498625,0.999949694,0.913903117,0.987667322,1.70095E-06,0.96620965,2.49583E-07
