,s_region,e_region,index
0,K_0,K_0,9.399999999999988
1,K_0,K_18,0.1
2,K_1,K_1,17.99999999999999
3,K_1,K_10,11.29999999999998
4,K_1,K_11,0.9999999999999999
5,K_1,K_12,2.7000000000000015
6,K_1,K_13,4.899999999999999
7,K_1,K_14,3.5000000000000018
8,K_1,K_15,0.1
9,K_1,K_16,4.699999999999999
10,K_1,K_17,0.7
11,K_1,K_18,0.1
12,K_1,K_20,6.499999999999993
13,K_1,K_21,0.9999999999999999
14,K_1,K_22,0.2
15,K_1,K_23,0.2
16,K_1,K_24,0.5
17,K_1,K_25,0.1
18,K_1,K_27,1.9000000000000006
19,K_1,K_28,0.1
20,K_1,K_29,0.2
21,K_1,K_3,12.099999999999977
22,K_1,K_31,0.30000000000000004
23,K_1,K_32,0.1
24,K_1,K_33,0.2
25,K_1,K_34,0.4
26,K_1,K_38,2.3000000000000007
27,K_1,K_39,1.4
28,K_1,K_4,51.200000000000436
29,K_1,K_40,0.7999999999999999
30,K_1,K_46,0.1
31,K_1,K_5,29.90000000000012
32,K_1,K_6,5.1999999999999975
33,K_1,K_9,13.899999999999968
34,K_10,K_1,9.899999999999983
35,K_10,K_10,78.19999999999997
36,K_10,K_11,5.299999999999999
37,K_10,K_12,15.799999999999965
38,K_10,K_13,60.70000000000053
39,K_10,K_14,13.299999999999972
40,K_10,K_15,0.9999999999999999
41,K_10,K_16,35.800000000000196
42,K_10,K_17,3.900000000000002
43,K_10,K_18,1.0999999999999999
44,K_10,K_2,0.1
45,K_10,K_20,52.80000000000042
46,K_10,K_21,4.8999999999999995
47,K_10,K_22,1.0999999999999999
48,K_10,K_23,0.1
49,K_10,K_24,2.1000000000000005
50,K_10,K_25,0.1
51,K_10,K_26,0.2
52,K_10,K_27,5.599999999999996
53,K_10,K_28,0.4
54,K_10,K_29,1.3
55,K_10,K_3,16.099999999999966
56,K_10,K_30,3.800000000000002
57,K_10,K_31,0.7
58,K_10,K_32,0.7
59,K_10,K_33,2.6000000000000014
60,K_10,K_34,1.0999999999999999
61,K_10,K_35,0.1
62,K_10,K_36,0.1
63,K_10,K_38,0.6
64,K_10,K_39,5.099999999999999
65,K_10,K_4,171.7999999999955
66,K_10,K_40,4.4
67,K_10,K_41,0.5
68,K_10,K_44,0.1
69,K_10,K_45,1.0999999999999999
70,K_10,K_46,0.1
71,K_10,K_5,198.29999999999407
72,K_10,K_6,38.80000000000023
73,K_10,K_7,0.2
74,K_10,K_9,94.19999999999932
75,K_11,K_1,0.9999999999999999
76,K_11,K_10,6.799999999999995
77,K_11,K_11,1.2999999999999998
78,K_11,K_12,0.4
79,K_11,K_13,0.7999999999999999
80,K_11,K_14,1.3
81,K_11,K_15,0.1
82,K_11,K_16,1.0999999999999999
83,K_11,K_17,0.1
84,K_11,K_20,1.8000000000000005
85,K_11,K_21,0.1
86,K_11,K_24,0.1
87,K_11,K_27,0.2
88,K_11,K_29,0.2
89,K_11,K_3,0.6
90,K_11,K_31,0.1
91,K_11,K_32,0.1
92,K_11,K_33,0.30000000000000004
93,K_11,K_39,0.2
94,K_11,K_4,9.099999999999987
95,K_11,K_40,0.5
96,K_11,K_41,0.4
97,K_11,K_5,15.199999999999964
98,K_11,K_6,9.999999999999986
99,K_11,K_9,3.2000000000000015
100,K_12,K_1,2.500000000000001
101,K_12,K_10,14.499999999999968
102,K_12,K_11,0.5
103,K_12,K_12,2.700000000000001
104,K_12,K_13,8.699999999999985
105,K_12,K_14,0.7999999999999999
106,K_12,K_15,0.1
107,K_12,K_16,8.399999999999991
108,K_12,K_17,2.0000000000000004
109,K_12,K_18,0.2
110,K_12,K_20,11.199999999999978
111,K_12,K_21,0.9999999999999999
112,K_12,K_22,0.30000000000000004
113,K_12,K_24,1.2
114,K_12,K_27,0.8999999999999999
115,K_12,K_28,0.30000000000000004
116,K_12,K_29,0.4
117,K_12,K_3,2.2000000000000006
118,K_12,K_30,0.9999999999999999
119,K_12,K_31,0.4
120,K_12,K_32,0.1
121,K_12,K_33,0.9999999999999999
122,K_12,K_34,0.5
123,K_12,K_38,0.30000000000000004
124,K_12,K_39,2.3000000000000003
125,K_12,K_4,18.39999999999999
126,K_12,K_40,0.4
127,K_12,K_41,0.1
128,K_12,K_44,0.1
129,K_12,K_45,0.2
130,K_12,K_5,14.199999999999969
131,K_12,K_6,3.700000000000002
132,K_12,K_7,0.2
133,K_12,K_9,13.199999999999973
134,K_13,K_1,5.399999999999997
135,K_13,K_10,60.70000000000053
136,K_13,K_11,0.6
137,K_13,K_12,8.699999999999987
138,K_13,K_13,40.40000000000021
139,K_13,K_14,4.800000000000001
140,K_13,K_15,0.30000000000000004
141,K_13,K_16,10.99999999999998
142,K_13,K_17,2.400000000000001
143,K_13,K_18,0.2
144,K_13,K_20,17.299999999999976
145,K_13,K_21,2.9000000000000012
146,K_13,K_22,0.4
147,K_13,K_24,2.3000000000000007
148,K_13,K_27,4.899999999999999
149,K_13,K_28,0.9
150,K_13,K_29,1.3
151,K_13,K_3,5.999999999999997
152,K_13,K_30,2.2000000000000006
153,K_13,K_31,0.5
154,K_13,K_33,1.7000000000000004
155,K_13,K_34,0.5
156,K_13,K_38,0.2
157,K_13,K_39,2.400000000000001
158,K_13,K_4,42.90000000000033
159,K_13,K_40,1.6000000000000003
160,K_13,K_41,0.4
161,K_13,K_45,0.7
162,K_13,K_5,46.90000000000034
163,K_13,K_6,13.599999999999973
164,K_13,K_7,0.1
165,K_13,K_9,36.700000000000216
166,K_14,K_1,3.2000000000000015
167,K_14,K_10,15.299999999999965
168,K_14,K_11,1.6000000000000003
169,K_14,K_12,0.9999999999999999
170,K_14,K_13,5.499999999999997
171,K_14,K_14,87.19999999999943
172,K_14,K_15,4.999999999999998
173,K_14,K_16,10.49999999999998
174,K_14,K_17,2.1000000000000005
175,K_14,K_18,0.2
176,K_14,K_20,19.100000000000005
177,K_14,K_21,1.7000000000000002
178,K_14,K_24,1.0999999999999999
179,K_14,K_25,0.4
180,K_14,K_27,2.1000000000000005
181,K_14,K_28,0.30000000000000004
182,K_14,K_29,0.7
183,K_14,K_3,4.100000000000001
184,K_14,K_30,2.2000000000000006
185,K_14,K_31,0.4
186,K_14,K_32,0.1
187,K_14,K_33,1.8000000000000005
188,K_14,K_34,0.8999999999999999
189,K_14,K_38,0.4
190,K_14,K_39,2.800000000000001
191,K_14,K_4,20.60000000000002
192,K_14,K_40,2.9000000000000012
193,K_14,K_41,0.2
194,K_14,K_42,0.1
195,K_14,K_43,0.2
196,K_14,K_44,0.1
197,K_14,K_45,0.7
198,K_14,K_5,25.20000000000006
199,K_14,K_6,8.299999999999988
200,K_14,K_9,11.19999999999998
201,K_15,K_1,0.1
202,K_15,K_10,0.8999999999999999
203,K_15,K_11,0.1
204,K_15,K_12,0.1
205,K_15,K_13,0.30000000000000004
206,K_15,K_14,4.999999999999998
207,K_15,K_15,3.1000000000000014
208,K_15,K_16,2.2000000000000006
209,K_15,K_17,1.2
210,K_15,K_20,3.6000000000000014
211,K_15,K_21,0.6
212,K_15,K_24,0.4
213,K_15,K_25,0.30000000000000004
214,K_15,K_27,0.4
215,K_15,K_3,0.7
216,K_15,K_30,0.1
217,K_15,K_31,0.1
218,K_15,K_32,0.1
219,K_15,K_33,0.4
220,K_15,K_34,0.1
221,K_15,K_39,0.30000000000000004
222,K_15,K_4,1.3
223,K_15,K_40,0.1
224,K_15,K_41,0.1
225,K_15,K_43,0.1
226,K_15,K_5,1.5000000000000004
227,K_15,K_6,0.30000000000000004
228,K_15,K_9,0.5
229,K_16,K_1,3.1000000000000014
230,K_16,K_10,38.60000000000022
231,K_16,K_11,1.0999999999999999
232,K_16,K_12,9.299999999999986
233,K_16,K_13,10.699999999999985
234,K_16,K_14,11.599999999999977
235,K_16,K_15,2.500000000000001
236,K_16,K_16,170.39999999999546
237,K_16,K_17,41.50000000000027
238,K_16,K_18,0.1
239,K_16,K_19,0.1
240,K_16,K_20,252.09999999999056
241,K_16,K_21,31.200000000000113
242,K_16,K_22,0.6
243,K_16,K_23,0.5
244,K_16,K_24,20.400000000000006
245,K_16,K_25,1.3
246,K_16,K_26,0.5
247,K_16,K_27,23.200000000000056
248,K_16,K_28,2.1000000000000005
249,K_16,K_29,4.200000000000001
250,K_16,K_3,3.600000000000002
251,K_16,K_30,14.299999999999969
252,K_16,K_31,4.4
253,K_16,K_32,1.6000000000000003
254,K_16,K_33,10.999999999999982
255,K_16,K_34,5.699999999999997
256,K_16,K_35,0.5
257,K_16,K_38,3.6000000000000023
258,K_16,K_39,18.199999999999996
259,K_16,K_4,45.100000000000335
260,K_16,K_40,20.800000000000022
261,K_16,K_41,2.400000000000001
262,K_16,K_43,0.2
263,K_16,K_44,0.30000000000000004
264,K_16,K_45,2.800000000000001
265,K_16,K_46,0.30000000000000004
266,K_16,K_5,57.800000000000516
267,K_16,K_6,9.399999999999986
268,K_16,K_7,0.6
269,K_16,K_8,0.1
270,K_16,K_9,33.50000000000014
271,K_17,K_1,1.0999999999999999
272,K_17,K_10,3.300000000000001
273,K_17,K_11,0.1
274,K_17,K_12,1.9000000000000006
275,K_17,K_13,2.1000000000000005
276,K_17,K_14,2.400000000000001
277,K_17,K_15,1.0999999999999999
278,K_17,K_16,39.900000000000254
279,K_17,K_17,10.599999999999978
280,K_17,K_20,51.40000000000039
281,K_17,K_21,14.39999999999997
282,K_17,K_22,0.1
283,K_17,K_23,0.1
284,K_17,K_24,4.699999999999999
285,K_17,K_25,0.2
286,K_17,K_27,7.099999999999991
287,K_17,K_28,0.7999999999999999
288,K_17,K_29,2.3000000000000007
289,K_17,K_3,0.7
290,K_17,K_30,1.9000000000000006
291,K_17,K_31,1.5000000000000002
292,K_17,K_32,0.30000000000000004
293,K_17,K_33,2.0000000000000004
294,K_17,K_34,0.6
295,K_17,K_38,0.4
296,K_17,K_39,2.400000000000001
297,K_17,K_4,7.399999999999991
298,K_17,K_40,2.400000000000001
299,K_17,K_41,0.30000000000000004
300,K_17,K_43,0.1
301,K_17,K_44,0.1
302,K_17,K_45,0.4
303,K_17,K_5,5.099999999999998
304,K_17,K_6,0.7
305,K_17,K_9,3.4000000000000017
306,K_18,K_0,0.1
307,K_18,K_1,0.4
308,K_18,K_10,0.6000000000000001
309,K_18,K_12,0.30000000000000004
310,K_18,K_13,0.2
311,K_18,K_14,0.2
312,K_18,K_16,0.7
313,K_18,K_18,182.89999999999483
314,K_18,K_19,11.099999999999978
315,K_18,K_20,2.400000000000001
316,K_18,K_21,0.2
317,K_18,K_22,293.9999999999979
318,K_18,K_23,160.49999999999608
319,K_18,K_24,0.30000000000000004
320,K_18,K_26,34.400000000000176
321,K_18,K_27,0.30000000000000004
322,K_18,K_30,0.6
323,K_18,K_33,0.6
324,K_18,K_39,0.2
325,K_18,K_4,1.5000000000000002
326,K_18,K_40,0.1
327,K_18,K_44,0.1
328,K_18,K_5,1.7000000000000004
329,K_18,K_6,0.2
330,K_18,K_9,1.2
331,K_19,K_0,0.1
332,K_19,K_16,0.2
333,K_19,K_18,11.999999999999977
334,K_19,K_19,0.6
335,K_19,K_22,9.899999999999983
336,K_19,K_23,7.399999999999995
337,K_19,K_26,1.2
338,K_19,K_5,0.1
339,K_19,K_6,0.2
340,K_2,K_10,0.1
341,K_2,K_11,0.1
342,K_2,K_16,0.1
343,K_2,K_2,292.1999999999973
344,K_2,K_20,0.1
345,K_2,K_27,0.1
346,K_2,K_30,0.1
347,K_2,K_4,0.2
348,K_2,K_7,39.60000000000023
349,K_2,K_8,5.899999999999996
350,K_20,K_1,5.6999999999999975
351,K_20,K_10,57.00000000000049
352,K_20,K_11,2.500000000000001
353,K_20,K_12,13.499999999999972
354,K_20,K_13,21.300000000000026
355,K_20,K_14,19.0
356,K_20,K_15,3.400000000000002
357,K_20,K_16,248.39999999999114
358,K_20,K_17,57.700000000000415
359,K_20,K_18,2.1000000000000005
360,K_20,K_19,0.1
361,K_20,K_2,0.2
362,K_20,K_20,436.8000000000194
363,K_20,K_21,55.70000000000044
364,K_20,K_22,2.1000000000000005
365,K_20,K_23,1.2
366,K_20,K_24,74.50000000000018
367,K_20,K_25,1.9000000000000006
368,K_20,K_26,0.6
369,K_20,K_27,64.2000000000006
370,K_20,K_28,4.6000000000000005
371,K_20,K_29,8.899999999999988
372,K_20,K_3,7.399999999999992
373,K_20,K_30,32.30000000000017
374,K_20,K_31,10.299999999999981
375,K_20,K_32,5.999999999999996
376,K_20,K_33,24.000000000000064
377,K_20,K_34,7.299999999999994
378,K_20,K_35,1.9000000000000006
379,K_20,K_36,0.1
380,K_20,K_38,3.600000000000002
381,K_20,K_39,33.30000000000015
382,K_20,K_4,72.10000000000024
383,K_20,K_40,41.400000000000276
384,K_20,K_41,2.800000000000001
385,K_20,K_42,0.6
386,K_20,K_43,1.0999999999999999
387,K_20,K_44,0.7
388,K_20,K_45,4.7
389,K_20,K_46,0.4
390,K_20,K_5,87.49999999999952
391,K_20,K_6,14.499999999999968
392,K_20,K_7,1.7000000000000004
393,K_20,K_9,52.00000000000041
394,K_21,K_1,0.8999999999999999
395,K_21,K_10,4.999999999999999
396,K_21,K_12,1.5000000000000002
397,K_21,K_13,2.700000000000001
398,K_21,K_14,2.1000000000000005
399,K_21,K_15,0.7
400,K_21,K_16,32.20000000000016
401,K_21,K_17,13.499999999999973
402,K_21,K_18,0.1
403,K_21,K_20,51.60000000000041
404,K_21,K_21,16.299999999999965
405,K_21,K_22,0.4
406,K_21,K_23,0.1
407,K_21,K_24,7.799999999999989
408,K_21,K_25,0.2
409,K_21,K_27,6.899999999999992
410,K_21,K_28,0.9999999999999999
411,K_21,K_29,0.7999999999999999
412,K_21,K_3,1.4000000000000004
413,K_21,K_30,3.2000000000000015
414,K_21,K_31,1.2
415,K_21,K_32,0.2
416,K_21,K_33,2.500000000000001
417,K_21,K_34,0.5
418,K_21,K_35,0.1
419,K_21,K_39,1.4000000000000001
420,K_21,K_4,5.799999999999996
421,K_21,K_40,2.9000000000000012
422,K_21,K_41,0.30000000000000004
423,K_21,K_42,0.1
424,K_21,K_43,0.4
425,K_21,K_44,0.1
426,K_21,K_45,0.4
427,K_21,K_5,6.199999999999995
428,K_21,K_6,0.7999999999999999
429,K_21,K_7,0.2
430,K_21,K_9,3.900000000000002
431,K_22,K_0,0.2
432,K_22,K_1,0.2
433,K_22,K_10,0.9999999999999999
434,K_22,K_11,0.2
435,K_22,K_12,0.30000000000000004
436,K_22,K_14,0.5
437,K_22,K_16,0.9999999999999999
438,K_22,K_18,287.39999999999566
439,K_22,K_19,9.799999999999985
440,K_22,K_20,2.700000000000001
441,K_22,K_22,183.99999999999497
442,K_22,K_23,182.09999999999488
443,K_22,K_24,0.1
444,K_22,K_26,54.20000000000046
445,K_22,K_27,0.2
446,K_22,K_3,0.1
447,K_22,K_30,0.6
448,K_22,K_31,0.1
449,K_22,K_33,0.1
450,K_22,K_36,0.30000000000000004
451,K_22,K_39,0.30000000000000004
452,K_22,K_4,1.1
453,K_22,K_40,0.4
454,K_22,K_46,0.2
455,K_22,K_5,1.5000000000000002
456,K_22,K_6,0.2
457,K_22,K_7,0.1
458,K_22,K_9,0.5
459,K_23,K_0,0.2
460,K_23,K_1,0.2
461,K_23,K_10,0.4
462,K_23,K_13,0.1
463,K_23,K_14,0.1
464,K_23,K_16,0.9999999999999999
465,K_23,K_17,0.1
466,K_23,K_18,157.09999999999604
467,K_23,K_19,7.099999999999994
468,K_23,K_20,1.5000000000000002
469,K_23,K_22,180.3999999999949
470,K_23,K_23,47.500000000000284
471,K_23,K_24,0.1
472,K_23,K_26,33.600000000000165
473,K_23,K_27,0.1
474,K_23,K_30,0.30000000000000004
475,K_23,K_33,0.7
476,K_23,K_36,0.1
477,K_23,K_4,0.5
478,K_23,K_40,0.2
479,K_23,K_5,1.8000000000000005
480,K_23,K_6,0.1
481,K_23,K_9,0.30000000000000004
482,K_24,K_1,0.4
483,K_24,K_10,2.400000000000001
484,K_24,K_11,0.1
485,K_24,K_12,1.2
486,K_24,K_13,2.2000000000000006
487,K_24,K_14,1.5
488,K_24,K_15,0.30000000000000004
489,K_24,K_16,20.600000000000016
490,K_24,K_17,4.799999999999999
491,K_24,K_18,0.1
492,K_24,K_20,71.70000000000027
493,K_24,K_21,7.29999999999999
494,K_24,K_22,0.1
495,K_24,K_24,11.399999999999983
496,K_24,K_25,2.7000000000000006
497,K_24,K_27,12.799999999999972
498,K_24,K_28,1.5000000000000002
499,K_24,K_29,3.0000000000000013
500,K_24,K_3,0.4
501,K_24,K_30,2.700000000000001
502,K_24,K_31,1.0999999999999999
503,K_24,K_32,0.4
504,K_24,K_33,1.8000000000000005
505,K_24,K_34,1.0999999999999999
506,K_24,K_38,0.6
507,K_24,K_39,2.7000000000000015
508,K_24,K_4,5.1999999999999975
509,K_24,K_40,3.2000000000000015
510,K_24,K_41,0.9999999999999999
511,K_24,K_43,0.30000000000000004
512,K_24,K_45,0.8999999999999999
513,K_24,K_5,3.900000000000002
514,K_24,K_6,0.7
515,K_24,K_7,0.1
516,K_24,K_9,2.400000000000001
517,K_25,K_1,0.2
518,K_25,K_13,0.30000000000000004
519,K_25,K_14,0.30000000000000004
520,K_25,K_15,0.2
521,K_25,K_16,1.7000000000000004
522,K_25,K_17,0.2
523,K_25,K_20,2.2000000000000006
524,K_25,K_21,0.4
525,K_25,K_24,3.0000000000000013
526,K_25,K_25,1.3
527,K_25,K_27,1.0
528,K_25,K_28,0.1
529,K_25,K_29,0.1
530,K_25,K_3,0.2
531,K_25,K_30,0.2
532,K_25,K_31,0.1
533,K_25,K_35,0.1
534,K_25,K_4,0.2
535,K_25,K_40,0.2
536,K_25,K_5,0.6
537,K_25,K_6,0.30000000000000004
538,K_25,K_9,0.2
539,K_26,K_10,0.2
540,K_26,K_16,0.8
541,K_26,K_18,36.30000000000019
542,K_26,K_19,1.7000000000000004
543,K_26,K_20,0.5
544,K_26,K_22,57.700000000000436
545,K_26,K_23,37.90000000000018
546,K_26,K_26,11.19999999999998
547,K_26,K_27,0.1
548,K_26,K_30,0.30000000000000004
549,K_26,K_33,0.1
550,K_26,K_39,0.1
551,K_26,K_5,0.6
552,K_26,K_9,0.1
553,K_27,K_1,1.9000000000000004
554,K_27,K_10,5.099999999999998
555,K_27,K_12,1.1
556,K_27,K_13,4.200000000000001
557,K_27,K_14,1.9000000000000006
558,K_27,K_15,0.6
559,K_27,K_16,22.800000000000047
560,K_27,K_17,6.599999999999993
561,K_27,K_18,0.4
562,K_27,K_2,0.1
563,K_27,K_20,60.30000000000055
564,K_27,K_21,6.899999999999992
565,K_27,K_22,0.2
566,K_27,K_24,12.499999999999973
567,K_27,K_25,0.7
568,K_27,K_27,123.49999999999778
569,K_27,K_28,19.500000000000007
570,K_27,K_29,48.20000000000039
571,K_27,K_3,0.4
572,K_27,K_30,47.900000000000375
573,K_27,K_31,20.500000000000014
574,K_27,K_32,4.200000000000002
575,K_27,K_33,29.90000000000012
576,K_27,K_34,9.599999999999985
577,K_27,K_35,1.7000000000000002
578,K_27,K_38,6.899999999999995
579,K_27,K_39,36.90000000000023
580,K_27,K_4,8.399999999999988
581,K_27,K_40,32.40000000000015
582,K_27,K_41,5.099999999999998
583,K_27,K_42,0.4
584,K_27,K_43,2.2000000000000006
585,K_27,K_44,0.30000000000000004
586,K_27,K_45,3.2000000000000015
587,K_27,K_5,8.19999999999999
588,K_27,K_6,2.2
589,K_27,K_7,0.2
590,K_27,K_9,3.900000000000002
591,K_28,K_1,0.2
592,K_28,K_10,0.5
593,K_28,K_12,0.30000000000000004
594,K_28,K_13,1.3000000000000003
595,K_28,K_14,0.4
596,K_28,K_16,2.500000000000001
597,K_28,K_17,0.7
598,K_28,K_20,4.4
599,K_28,K_21,0.6
600,K_28,K_24,1.6000000000000003
601,K_28,K_25,0.1
602,K_28,K_27,19.80000000000001
603,K_28,K_28,1.3
604,K_28,K_29,8.099999999999987
605,K_28,K_30,27.600000000000104
606,K_28,K_31,7.399999999999994
607,K_28,K_32,0.5
608,K_28,K_33,11.899999999999975
609,K_28,K_34,1.7000000000000004
610,K_28,K_35,0.5
611,K_28,K_38,1.6
612,K_28,K_39,7.69999999999999
613,K_28,K_4,0.5
614,K_28,K_40,7.499999999999992
615,K_28,K_41,1.0999999999999999
616,K_28,K_42,0.2
617,K_28,K_43,0.30000000000000004
618,K_28,K_45,0.7999999999999999
619,K_28,K_5,0.4
620,K_28,K_6,0.1
621,K_28,K_7,0.1
622,K_28,K_9,0.4
623,K_29,K_1,0.2
624,K_29,K_10,1.0999999999999999
625,K_29,K_11,0.1
626,K_29,K_12,0.30000000000000004
627,K_29,K_13,1.5000000000000002
628,K_29,K_14,0.7
629,K_29,K_15,0.1
630,K_29,K_16,4.700000000000001
631,K_29,K_17,2.500000000000001
632,K_29,K_20,9.599999999999985
633,K_29,K_21,1.3
634,K_29,K_24,3.1000000000000014
635,K_29,K_25,0.1
636,K_29,K_27,49.500000000000405
637,K_29,K_28,7.29999999999999
638,K_29,K_29,26.300000000000036
639,K_29,K_3,0.2
640,K_29,K_30,17.099999999999973
641,K_29,K_31,10.799999999999981
642,K_29,K_32,2.1000000000000005
643,K_29,K_33,12.499999999999973
644,K_29,K_34,5.399999999999998
645,K_29,K_35,0.5
646,K_29,K_38,2.2000000000000006
647,K_29,K_39,16.499999999999964
648,K_29,K_4,1.2000000000000002
649,K_29,K_40,12.099999999999975
650,K_29,K_41,2.900000000000001
651,K_29,K_43,0.4
652,K_29,K_45,1.0999999999999999
653,K_29,K_5,1.0999999999999999
654,K_29,K_6,0.30000000000000004
655,K_29,K_7,0.1
656,K_29,K_9,0.8999999999999999
657,K_3,K_0,0.1
658,K_3,K_1,12.499999999999973
659,K_3,K_10,17.699999999999974
660,K_3,K_11,0.6
661,K_3,K_12,2.100000000000001
662,K_3,K_13,4.800000000000001
663,K_3,K_14,3.2000000000000015
664,K_3,K_15,0.5
665,K_3,K_16,3.800000000000002
666,K_3,K_17,0.7
667,K_3,K_20,8.599999999999987
668,K_3,K_21,1.7000000000000006
669,K_3,K_22,0.1
670,K_3,K_24,0.6
671,K_3,K_25,0.30000000000000004
672,K_3,K_27,0.6
673,K_3,K_28,0.30000000000000004
674,K_3,K_29,0.2
675,K_3,K_3,6.799999999999993
676,K_3,K_30,1.0999999999999999
677,K_3,K_32,0.2
678,K_3,K_33,0.4
679,K_3,K_34,0.30000000000000004
680,K_3,K_39,0.6
681,K_3,K_4,75.09999999999998
682,K_3,K_40,0.7
683,K_3,K_41,0.2
684,K_3,K_43,0.30000000000000004
685,K_3,K_44,0.1
686,K_3,K_45,0.2
687,K_3,K_5,62.90000000000057
688,K_3,K_6,5.799999999999996
689,K_3,K_9,18.299999999999986
690,K_30,K_1,0.5
691,K_30,K_10,4.000000000000002
692,K_30,K_11,0.1
693,K_30,K_12,0.7999999999999999
694,K_30,K_13,1.6000000000000003
695,K_30,K_14,2.400000000000001
696,K_30,K_15,0.30000000000000004
697,K_30,K_16,15.099999999999964
698,K_30,K_17,1.9000000000000006
699,K_30,K_18,1.3
700,K_30,K_2,0.1
701,K_30,K_20,30.10000000000013
702,K_30,K_21,1.9000000000000006
703,K_30,K_22,0.7999999999999999
704,K_30,K_23,0.4
705,K_30,K_24,2.3000000000000007
706,K_30,K_25,0.30000000000000004
707,K_30,K_26,0.5
708,K_30,K_27,43.90000000000032
709,K_30,K_28,27.6000000000001
710,K_30,K_29,15.099999999999962
711,K_30,K_3,1.4000000000000001
712,K_30,K_30,190.59999999999397
713,K_30,K_31,27.50000000000008
714,K_30,K_32,37.300000000000246
715,K_30,K_33,313.60000000000036
716,K_30,K_34,35.30000000000019
717,K_30,K_35,2.600000000000001
718,K_30,K_38,22.700000000000042
719,K_30,K_39,115.2999999999983
720,K_30,K_4,11.999999999999975
721,K_30,K_40,102.29999999999887
722,K_30,K_41,7.49999999999999
723,K_30,K_42,0.30000000000000004
724,K_30,K_43,0.8999999999999999
725,K_30,K_44,1.0999999999999999
726,K_30,K_45,5.599999999999997
727,K_30,K_46,0.1
728,K_30,K_5,7.199999999999994
729,K_30,K_6,1.3
730,K_30,K_7,0.7
731,K_30,K_8,0.1
732,K_30,K_9,6.199999999999996
733,K_31,K_1,0.1
734,K_31,K_10,0.8999999999999999
735,K_31,K_12,0.6
736,K_31,K_13,0.6
737,K_31,K_14,0.4
738,K_31,K_15,0.1
739,K_31,K_16,4.000000000000002
740,K_31,K_17,1.0999999999999999
741,K_31,K_18,0.2
742,K_31,K_20,8.699999999999987
743,K_31,K_21,1.0999999999999999
744,K_31,K_22,0.2
745,K_31,K_23,0.1
746,K_31,K_24,1.0999999999999999
747,K_31,K_25,0.1
748,K_31,K_27,19.90000000000001
749,K_31,K_28,6.799999999999995
750,K_31,K_29,10.69999999999998
751,K_31,K_3,0.1
752,K_31,K_30,26.2000000000001
753,K_31,K_31,9.399999999999986
754,K_31,K_32,2.400000000000001
755,K_31,K_33,33.30000000000019
756,K_31,K_34,11.299999999999978
757,K_31,K_35,0.7999999999999999
758,K_31,K_38,2.9000000000000012
759,K_31,K_39,26.800000000000097
760,K_31,K_4,1.4000000000000001
761,K_31,K_40,33.600000000000186
762,K_31,K_41,2.700000000000001
763,K_31,K_42,0.30000000000000004
764,K_31,K_43,0.7
765,K_31,K_45,1.2
766,K_31,K_5,2.0
767,K_31,K_6,0.6
768,K_31,K_9,0.7
769,K_32,K_1,0.1
770,K_32,K_10,0.8999999999999999
771,K_32,K_11,0.1
772,K_32,K_12,0.1
773,K_32,K_14,0.2
774,K_32,K_15,0.1
775,K_32,K_16,2.2000000000000006
776,K_32,K_17,0.4
777,K_32,K_20,4.3000000000000025
778,K_32,K_21,0.1
779,K_32,K_24,0.4
780,K_32,K_27,4.200000000000001
781,K_32,K_28,0.7
782,K_32,K_29,1.9000000000000006
783,K_32,K_3,0.2
784,K_32,K_30,36.50000000000023
785,K_32,K_31,2.1000000000000005
786,K_32,K_32,13.099999999999971
787,K_32,K_33,33.6000000000002
788,K_32,K_34,3.600000000000002
789,K_32,K_35,0.1
790,K_32,K_38,3.5000000000000013
791,K_32,K_39,11.299999999999978
792,K_32,K_4,0.5
793,K_32,K_40,9.199999999999987
794,K_32,K_41,1.8000000000000003
795,K_32,K_42,0.1
796,K_32,K_43,0.1
797,K_32,K_44,0.4
798,K_32,K_45,0.5
799,K_32,K_5,0.4
800,K_32,K_6,0.1
801,K_32,K_9,0.2
802,K_33,K_1,0.30000000000000004
803,K_33,K_10,2.9000000000000012
804,K_33,K_11,0.1
805,K_33,K_12,0.5
806,K_33,K_13,0.9999999999999999
807,K_33,K_14,2.3000000000000007
808,K_33,K_15,0.5
809,K_33,K_16,10.299999999999981
810,K_33,K_17,1.9000000000000008
811,K_33,K_18,0.4
812,K_33,K_20,19.400000000000002
813,K_33,K_21,1.9000000000000004
814,K_33,K_24,1.6000000000000003
815,K_33,K_27,29.600000000000133
816,K_33,K_28,10.299999999999981
817,K_33,K_29,13.099999999999971
818,K_33,K_3,0.6
819,K_33,K_30,317.00000000000136
820,K_33,K_31,32.600000000000165
821,K_33,K_32,34.00000000000016
822,K_33,K_33,168.09999999999562
823,K_33,K_34,62.90000000000057
824,K_33,K_35,4.200000000000002
825,K_33,K_38,55.100000000000435
826,K_33,K_39,217.59999999999295
827,K_33,K_4,6.499999999999995
828,K_33,K_40,147.19999999999646
829,K_33,K_41,8.199999999999989
830,K_33,K_42,1.4000000000000001
831,K_33,K_43,0.9999999999999999
832,K_33,K_44,1.6000000000000003
833,K_33,K_45,11.899999999999979
834,K_33,K_46,0.1
835,K_33,K_5,5.899999999999995
836,K_33,K_6,1.3
837,K_33,K_7,1.3
838,K_33,K_9,2.400000000000001
839,K_34,K_1,0.4
840,K_34,K_10,1.3
841,K_34,K_12,0.1
842,K_34,K_13,0.4
843,K_34,K_14,0.7999999999999999
844,K_34,K_16,5.399999999999998
845,K_34,K_17,0.7999999999999999
846,K_34,K_20,7.199999999999993
847,K_34,K_21,0.6
848,K_34,K_24,1.4000000000000001
849,K_34,K_27,8.899999999999986
850,K_34,K_28,1.5000000000000002
851,K_34,K_29,4.5
852,K_34,K_3,0.6
853,K_34,K_30,35.300000000000196
854,K_34,K_31,11.29999999999998
855,K_34,K_32,3.1000000000000014
856,K_34,K_33,58.200000000000514
857,K_34,K_34,16.199999999999964
858,K_34,K_35,0.5
859,K_34,K_38,9.899999999999983
860,K_34,K_39,68.7000000000004
861,K_34,K_4,2.1000000000000005
862,K_34,K_40,73.90000000000013
863,K_34,K_41,4.000000000000003
864,K_34,K_42,0.1
865,K_34,K_43,1.7000000000000002
866,K_34,K_44,0.2
867,K_34,K_45,4.300000000000001
868,K_34,K_5,1.4000000000000001
869,K_34,K_6,0.8999999999999999
870,K_34,K_7,0.1
871,K_34,K_9,0.6
872,K_35,K_10,0.2
873,K_35,K_16,0.4
874,K_35,K_20,1.2000000000000002
875,K_35,K_21,0.1
876,K_35,K_25,0.1
877,K_35,K_27,1.3000000000000003
878,K_35,K_28,0.5
879,K_35,K_29,0.9
880,K_35,K_30,2.4000000000000012
881,K_35,K_31,0.7999999999999999
882,K_35,K_33,4.000000000000001
883,K_35,K_34,0.5
884,K_35,K_38,0.6
885,K_35,K_39,8.19999999999999
886,K_35,K_4,0.7
887,K_35,K_40,10.999999999999979
888,K_35,K_41,0.7999999999999999
889,K_35,K_43,0.1
890,K_35,K_44,0.2
891,K_35,K_45,0.6
892,K_35,K_5,0.30000000000000004
893,K_35,K_6,0.30000000000000004
894,K_35,K_7,0.1
895,K_35,K_9,0.1
896,K_36,K_10,0.1
897,K_36,K_18,0.1
898,K_36,K_20,0.1
899,K_36,K_22,0.1
900,K_36,K_23,0.1
901,K_36,K_30,0.1
902,K_36,K_36,11.299999999999986
903,K_36,K_37,0.1
904,K_36,K_4,0.1
905,K_36,K_5,0.30000000000000004
906,K_37,K_4,0.1
907,K_38,K_1,2.400000000000001
908,K_38,K_10,0.5
909,K_38,K_12,0.2
910,K_38,K_13,0.1
911,K_38,K_14,0.4
912,K_38,K_16,3.800000000000002
913,K_38,K_17,0.1
914,K_38,K_20,3.6000000000000023
915,K_38,K_24,0.4
916,K_38,K_27,6.599999999999993
917,K_38,K_28,2.300000000000001
918,K_38,K_29,1.6000000000000003
919,K_38,K_30,23.200000000000045
920,K_38,K_31,3.3000000000000016
921,K_38,K_32,3.1000000000000014
922,K_38,K_33,53.900000000000425
923,K_38,K_34,10.39999999999998
924,K_38,K_35,0.6
925,K_38,K_38,3.0000000000000013
926,K_38,K_39,47.10000000000037
927,K_38,K_4,1.3
928,K_38,K_40,46.80000000000033
929,K_38,K_41,3.800000000000002
930,K_38,K_42,0.1
931,K_38,K_43,0.4
932,K_38,K_44,0.7
933,K_38,K_45,1.6000000000000003
934,K_38,K_5,0.7
935,K_38,K_6,0.1
936,K_38,K_7,0.2
937,K_38,K_9,0.6
938,K_39,K_0,0.1
939,K_39,K_1,1.0999999999999999
940,K_39,K_10,4.8999999999999995
941,K_39,K_11,0.2
942,K_39,K_12,2.0000000000000004
943,K_39,K_13,2.400000000000001
944,K_39,K_14,2.1000000000000005
945,K_39,K_15,0.4
946,K_39,K_16,15.699999999999962
947,K_39,K_17,2.1000000000000005
948,K_39,K_18,0.6
949,K_39,K_19,0.1
950,K_39,K_20,31.50000000000015
951,K_39,K_21,1.0999999999999999
952,K_39,K_22,0.30000000000000004
953,K_39,K_23,0.2
954,K_39,K_24,2.2000000000000006
955,K_39,K_27,37.70000000000021
956,K_39,K_28,7.599999999999991
957,K_39,K_29,14.199999999999969
958,K_39,K_3,0.6
959,K_39,K_30,112.09999999999823
960,K_39,K_31,29.500000000000117
961,K_39,K_32,10.799999999999981
962,K_39,K_33,209.09999999999306
963,K_39,K_34,69.70000000000036
964,K_39,K_35,7.899999999999991
965,K_39,K_38,46.000000000000334
966,K_39,K_39,180.79999999999475
967,K_39,K_4,7.799999999999991
968,K_39,K_40,321.60000000000264
969,K_39,K_41,28.9000000000001
970,K_39,K_42,1.3
971,K_39,K_43,4.899999999999999
972,K_39,K_44,5.1999999999999975
973,K_39,K_45,21.300000000000015
974,K_39,K_5,8.399999999999986
975,K_39,K_6,1.9000000000000004
976,K_39,K_7,0.8999999999999999
977,K_39,K_9,4.799999999999999
978,K_4,K_1,54.50000000000047
979,K_4,K_10,177.69999999999513
980,K_4,K_11,9.099999999999985
981,K_4,K_12,19.1
982,K_4,K_13,42.6000000000003
983,K_4,K_14,18.900000000000002
984,K_4,K_15,1.2
985,K_4,K_16,44.40000000000033
986,K_4,K_17,7.99999999999999
987,K_4,K_18,0.7
988,K_4,K_2,0.5
989,K_4,K_20,68.90000000000033
990,K_4,K_21,6.4999999999999964
991,K_4,K_22,1.2
992,K_4,K_23,0.8999999999999999
993,K_4,K_24,5.6999999999999975
994,K_4,K_25,0.4
995,K_4,K_26,0.2
996,K_4,K_27,8.199999999999989
997,K_4,K_28,0.8999999999999999
998,K_4,K_29,1.5000000000000002
999,K_4,K_3,78.49999999999996
1000,K_4,K_30,9.999999999999982
1001,K_4,K_31,1.7000000000000006
1002,K_4,K_32,0.7
1003,K_4,K_33,6.499999999999994
1004,K_4,K_34,2.1000000000000005
1005,K_4,K_35,1.1
1006,K_4,K_38,0.6
1007,K_4,K_39,6.899999999999993
1008,K_4,K_4,347.1000000000077
1009,K_4,K_40,9.299999999999985
1010,K_4,K_41,0.9999999999999999
1011,K_4,K_43,0.1
1012,K_4,K_44,0.2
1013,K_4,K_45,0.7
1014,K_4,K_46,0.6
1015,K_4,K_5,338.20000000000647
1016,K_4,K_6,55.800000000000445
1017,K_4,K_7,0.6
1018,K_4,K_9,247.09999999999124
1019,K_40,K_1,1.2
1020,K_40,K_10,4.799999999999999
1021,K_40,K_11,0.7000000000000001
1022,K_40,K_12,0.7999999999999999
1023,K_40,K_13,2.0000000000000004
1024,K_40,K_14,3.2000000000000015
1025,K_40,K_15,0.1
1026,K_40,K_16,21.500000000000036
1027,K_40,K_17,2.1000000000000005
1028,K_40,K_2,0.1
1029,K_40,K_20,40.800000000000296
1030,K_40,K_21,3.1000000000000014
1031,K_40,K_22,0.2
1032,K_40,K_23,0.2
1033,K_40,K_24,3.800000000000002
1034,K_40,K_25,0.2
1035,K_40,K_27,33.000000000000185
1036,K_40,K_28,6.399999999999994
1037,K_40,K_29,11.399999999999975
1038,K_40,K_3,0.8
1039,K_40,K_30,106.79999999999866
1040,K_40,K_31,34.600000000000186
1041,K_40,K_32,8.599999999999987
1042,K_40,K_33,152.79999999999617
1043,K_40,K_34,74.20000000000007
1044,K_40,K_35,11.29999999999998
1045,K_40,K_38,44.2000000000003
1046,K_40,K_39,319.6000000000022
1047,K_40,K_4,7.599999999999992
1048,K_40,K_40,249.3999999999913
1049,K_40,K_41,42.30000000000031
1050,K_40,K_42,2.2000000000000006
1051,K_40,K_43,9.399999999999986
1052,K_40,K_44,11.399999999999991
1053,K_40,K_45,17.799999999999986
1054,K_40,K_46,0.1
1055,K_40,K_5,9.399999999999984
1056,K_40,K_6,1.3
1057,K_40,K_7,1.0999999999999999
1058,K_40,K_8,0.1
1059,K_40,K_9,4.100000000000002
1060,K_41,K_10,0.5
1061,K_41,K_11,0.30000000000000004
1062,K_41,K_13,0.6
1063,K_41,K_14,0.4
1064,K_41,K_15,0.2
1065,K_41,K_16,1.8000000000000007
1066,K_41,K_17,0.1
1067,K_41,K_20,2.2000000000000006
1068,K_41,K_21,0.30000000000000004
1069,K_41,K_24,1.3000000000000003
1070,K_41,K_27,5.799999999999996
1071,K_41,K_28,1.2
1072,K_41,K_29,2.400000000000001
1073,K_41,K_3,0.1
1074,K_41,K_30,8.499999999999986
1075,K_41,K_31,2.600000000000001
1076,K_41,K_32,0.9999999999999999
1077,K_41,K_33,9.499999999999986
1078,K_41,K_34,3.5000000000000018
1079,K_41,K_35,0.6
1080,K_41,K_38,3.7000000000000015
1081,K_41,K_39,28.700000000000088
1082,K_41,K_4,1.6000000000000003
1083,K_41,K_40,46.20000000000033
1084,K_41,K_41,3.600000000000002
1085,K_41,K_42,0.30000000000000004
1086,K_41,K_43,3.200000000000002
1087,K_41,K_44,0.5
1088,K_41,K_45,0.7999999999999999
1089,K_41,K_46,0.1
1090,K_41,K_5,0.6
1091,K_41,K_9,0.4
1092,K_42,K_20,0.2
1093,K_42,K_21,0.1
1094,K_42,K_27,0.1
1095,K_42,K_28,0.4
1096,K_42,K_30,0.30000000000000004
1097,K_42,K_31,0.1
1098,K_42,K_33,0.7999999999999999
1099,K_42,K_34,0.1
1100,K_42,K_35,0.2
1101,K_42,K_38,0.2
1102,K_42,K_39,1.0999999999999999
1103,K_42,K_40,2.4000000000000012
1104,K_42,K_41,0.30000000000000004
1105,K_42,K_43,1.2
1106,K_42,K_44,0.1
1107,K_42,K_45,0.30000000000000004
1108,K_42,K_7,0.1
1109,K_43,K_13,0.1
1110,K_43,K_14,0.4
1111,K_43,K_16,0.6
1112,K_43,K_20,0.8999999999999999
1113,K_43,K_21,0.4
1114,K_43,K_24,0.1
1115,K_43,K_27,2.0000000000000004
1116,K_43,K_28,0.5
1117,K_43,K_29,0.4
1118,K_43,K_3,0.4
1119,K_43,K_30,1.2
1120,K_43,K_31,0.7999999999999999
1121,K_43,K_32,0.1
1122,K_43,K_33,1.0999999999999999
1123,K_43,K_34,1.9000000000000006
1124,K_43,K_35,0.2
1125,K_43,K_38,0.5
1126,K_43,K_39,4.6000000000000005
1127,K_43,K_40,8.59999999999999
1128,K_43,K_41,3.2000000000000015
1129,K_43,K_42,1.3000000000000003
1130,K_43,K_43,3.0000000000000013
1131,K_43,K_44,0.5
1132,K_43,K_45,0.4
1133,K_43,K_5,0.2
1134,K_43,K_9,0.30000000000000004
1135,K_44,K_10,0.1
1136,K_44,K_12,0.1
1137,K_44,K_14,0.2
1138,K_44,K_16,0.5
1139,K_44,K_20,1.0999999999999999
1140,K_44,K_21,0.1
1141,K_44,K_22,0.1
1142,K_44,K_27,0.2
1143,K_44,K_29,0.1
1144,K_44,K_30,1.0999999999999999
1145,K_44,K_31,0.1
1146,K_44,K_32,0.6
1147,K_44,K_33,1.5000000000000004
1148,K_44,K_34,0.1
1149,K_44,K_35,0.6
1150,K_44,K_38,0.30000000000000004
1151,K_44,K_39,4.8999999999999995
1152,K_44,K_4,0.30000000000000004
1153,K_44,K_40,11.399999999999986
1154,K_44,K_41,0.30000000000000004
1155,K_44,K_42,0.30000000000000004
1156,K_44,K_43,0.6
1157,K_44,K_44,40.10000000000019
1158,K_44,K_45,1.9000000000000004
1159,K_44,K_5,0.4
1160,K_45,K_1,0.2
1161,K_45,K_10,1.4000000000000001
1162,K_45,K_12,0.1
1163,K_45,K_13,0.4
1164,K_45,K_14,0.4
1165,K_45,K_16,2.400000000000001
1166,K_45,K_17,0.2
1167,K_45,K_20,5.399999999999998
1168,K_45,K_21,0.2
1169,K_45,K_22,0.1
1170,K_45,K_24,0.8999999999999999
1171,K_45,K_27,3.600000000000002
1172,K_45,K_28,0.7999999999999999
1173,K_45,K_29,0.9
1174,K_45,K_3,0.4
1175,K_45,K_30,6.499999999999995
1176,K_45,K_31,0.8999999999999999
1177,K_45,K_32,0.7
1178,K_45,K_33,11.799999999999976
1179,K_45,K_34,4.7
1180,K_45,K_35,1.2
1181,K_45,K_38,1.7000000000000004
1182,K_45,K_39,23.00000000000003
1183,K_45,K_4,0.9999999999999999
1184,K_45,K_40,19.9
1185,K_45,K_41,1.3
1186,K_45,K_42,0.4
1187,K_45,K_43,0.4
1188,K_45,K_44,1.2
1189,K_45,K_45,43.700000000000294
1190,K_45,K_5,1.4000000000000001
1191,K_45,K_6,0.1
1192,K_45,K_9,0.6
1193,K_46,K_16,0.30000000000000004
1194,K_46,K_20,0.2
1195,K_46,K_22,0.2
1196,K_46,K_27,0.1
1197,K_46,K_3,0.2
1198,K_46,K_33,0.1
1199,K_46,K_4,0.2
1200,K_46,K_40,0.1
1201,K_46,K_46,25.100000000000044
1202,K_46,K_47,22.800000000000022
1203,K_46,K_5,0.1
1204,K_46,K_6,0.2
1205,K_46,K_9,0.4
1206,K_47,K_46,22.50000000000002
1207,K_47,K_47,1.0999999999999999
1208,K_5,K_1,33.20000000000017
1209,K_5,K_10,203.8999999999937
1210,K_5,K_11,15.899999999999963
1211,K_5,K_12,15.899999999999961
1212,K_5,K_13,49.50000000000038
1213,K_5,K_14,24.000000000000064
1214,K_5,K_15,1.7000000000000004
1215,K_5,K_16,53.90000000000046
1216,K_5,K_17,4.000000000000002
1217,K_5,K_18,2.500000000000001
1218,K_5,K_19,0.30000000000000004
1219,K_5,K_20,90.39999999999935
1220,K_5,K_21,7.499999999999992
1221,K_5,K_22,1.9000000000000006
1222,K_5,K_23,1.9000000000000006
1223,K_5,K_24,3.6000000000000023
1224,K_5,K_25,0.6
1225,K_5,K_26,0.8999999999999999
1226,K_5,K_27,8.599999999999989
1227,K_5,K_28,0.5
1228,K_5,K_29,0.8999999999999999
1229,K_5,K_3,64.20000000000056
1230,K_5,K_30,6.199999999999996
1231,K_5,K_31,1.9000000000000006
1232,K_5,K_32,0.8999999999999999
1233,K_5,K_33,6.399999999999994
1234,K_5,K_34,1.2
1235,K_5,K_35,0.30000000000000004
1236,K_5,K_36,0.2
1237,K_5,K_38,1.0999999999999999
1238,K_5,K_39,8.899999999999986
1239,K_5,K_4,336.90000000000566
1240,K_5,K_40,8.799999999999986
1241,K_5,K_41,0.4
1242,K_5,K_43,0.2
1243,K_5,K_44,0.4
1244,K_5,K_45,1.5000000000000002
1245,K_5,K_5,320.9000000000024
1246,K_5,K_6,98.49999999999908
1247,K_5,K_7,0.4
1248,K_5,K_9,184.5999999999944
1249,K_6,K_1,5.299999999999997
1250,K_6,K_10,41.300000000000246
1251,K_6,K_11,10.499999999999982
1252,K_6,K_12,3.2000000000000015
1253,K_6,K_13,12.699999999999982
1254,K_6,K_14,7.199999999999992
1255,K_6,K_15,0.30000000000000004
1256,K_6,K_16,8.999999999999986
1257,K_6,K_17,0.7999999999999999
1258,K_6,K_18,0.2
1259,K_6,K_19,0.1
1260,K_6,K_20,14.899999999999968
1261,K_6,K_21,1.0999999999999999
1262,K_6,K_22,0.1
1263,K_6,K_23,0.7
1264,K_6,K_24,0.7999999999999999
1265,K_6,K_26,0.2
1266,K_6,K_27,1.9000000000000006
1267,K_6,K_28,0.2
1268,K_6,K_29,0.30000000000000004
1269,K_6,K_3,5.899999999999997
1270,K_6,K_30,1.4000000000000001
1271,K_6,K_31,0.30000000000000004
1272,K_6,K_32,0.1
1273,K_6,K_33,1.0999999999999999
1274,K_6,K_34,0.4
1275,K_6,K_38,0.2
1276,K_6,K_39,1.8000000000000005
1277,K_6,K_4,57.700000000000514
1278,K_6,K_40,0.7
1279,K_6,K_45,0.1
1280,K_6,K_5,100.99999999999892
1281,K_6,K_6,32.70000000000012
1282,K_6,K_8,0.1
1283,K_6,K_9,28.900000000000073
1284,K_7,K_10,0.4
1285,K_7,K_13,0.1
1286,K_7,K_16,0.4
1287,K_7,K_18,0.2
1288,K_7,K_2,37.70000000000026
1289,K_7,K_20,1.3
1290,K_7,K_21,0.2
1291,K_7,K_22,0.2
1292,K_7,K_27,0.4
1293,K_7,K_28,0.1
1294,K_7,K_29,0.1
1295,K_7,K_30,0.8999999999999999
1296,K_7,K_31,0.2
1297,K_7,K_32,0.1
1298,K_7,K_33,0.30000000000000004
1299,K_7,K_34,0.2
1300,K_7,K_39,0.7
1301,K_7,K_4,0.7
1302,K_7,K_40,1.2
1303,K_7,K_46,0.1
1304,K_7,K_5,0.2
1305,K_7,K_7,126.59999999999839
1306,K_7,K_8,8.799999999999986
1307,K_7,K_9,0.30000000000000004
1308,K_8,K_16,0.1
1309,K_8,K_2,6.699999999999994
1310,K_8,K_30,0.1
1311,K_8,K_6,0.1
1312,K_8,K_7,11.199999999999982
1313,K_8,K_8,32.60000000000011
1314,K_9,K_1,14.099999999999968
1315,K_9,K_10,95.7999999999991
1316,K_9,K_11,4.000000000000002
1317,K_9,K_12,12.299999999999976
1318,K_9,K_13,37.90000000000024
1319,K_9,K_14,8.999999999999986
1320,K_9,K_15,0.7
1321,K_9,K_16,33.00000000000015
1322,K_9,K_17,3.600000000000002
1323,K_9,K_18,0.6
1324,K_9,K_20,49.60000000000039
1325,K_9,K_21,2.600000000000001
1326,K_9,K_22,0.5
1327,K_9,K_23,0.6
1328,K_9,K_24,3.4000000000000017
1329,K_9,K_25,0.5
1330,K_9,K_27,4.5
1331,K_9,K_28,0.2
1332,K_9,K_29,0.8
1333,K_9,K_3,17.699999999999985
1334,K_9,K_30,5.299999999999999
1335,K_9,K_31,1.6000000000000003
1336,K_9,K_32,0.30000000000000004
1337,K_9,K_33,3.3000000000000016
1338,K_9,K_34,0.9999999999999999
1339,K_9,K_38,0.6
1340,K_9,K_39,2.9000000000000012
1341,K_9,K_4,244.599999999991
1342,K_9,K_40,3.900000000000002
1343,K_9,K_41,0.30000000000000004
1344,K_9,K_43,0.2
1345,K_9,K_44,0.1
1346,K_9,K_45,0.2
1347,K_9,K_5,183.29999999999464
1348,K_9,K_6,28.300000000000097
1349,K_9,K_7,0.4
1350,K_9,K_9,86.69999999999939
