city,data,index,inf,loc,loc_num
E,21200501,29861.599999991427,0,0,50023.0
E,21200502,29861.599999991427,0,0,50023.0
E,21200503,29861.59999999143,0,0,50023.0
E,21200504,30311.13999999128,0,0,50299.6
E,21200505,30311.13999999128,0,0,50299.6
E,21200506,29861.599999991427,0,0,50023.0
E,21200507,30760.679999991127,0,0,50576.2
E,21200508,30910.526666657734,0,0,50668.4
E,21200509,32109.299999990668,0,0,51406.0
E,21200510,31509.913333324203,0,0,51037.2
E,21200511,31387.4377777684,0,0,51400.4
E,21200512,31146.817037027653,0,0,51398.53333333333
E,21200513,30543.099999990347,0,0,51758.0
E,21200514,31316.072345669738,0,0,51693.51111111111
E,21200515,31372.49078188377,0,0,51791.83703703704
E,21200516,32258.29999999122,0,0,51924.0
E,21200517,31815.39539093749,0,0,51857.91851851851
E,21200518,31281.998463639902,0,0,51506.97283950617
E,21200519,30956.564618189466,0,0,51367.96378600822
E,21200520,29772.29999999101,0,0,50739.0
E,21200521,30330.621539390795,0,0,50635.987928669405
E,21200522,30121.973846457906,0,0,50391.99597622314
E,21200523,30262.999999991913,0,0,49801.0
E,21200524,30192.486923224908,0,0,50096.49798811157
E,21200525,30587.995641069283,0,0,50476.832662703855
E,21200526,30696.327521428408,0,0,50702.110216938476
E,21200527,31308.49999999103,0,0,51533.0
E,21200528,30829.30917380328,0,0,51009.70340564616
E,21200529,30873.63639126157,0,0,51112.23446854873
E,21200530,30483.09999999041,0,0,50794.0
E,21200531,30678.368195625986,0,0,50953.11723427437
E,21200601,30121.15606520293,6,0,50351.37241142478
E,21200602,30000.50808694044,0,0,50203.829881899714
E,21200603,29201.999999992404,2,0,49307.0
E,21200604,29911.769362308016,4,0,49688.60996063324
E,21200605,29882.189787430543,7,0,49516.869986877755
E,21200606,30532.799999991217,5,0,49555.0
E,21200607,30207.49489371088,14,0,49535.934993438874
E,21200608,29862.6649645649,2,0,49064.31166447963
E,21200609,29639.286619422797,2,0,48900.74888597283
E,21200610,28847.699999992623,8,0,48102.0
E,21200611,29878.66220646902,5,0,49275.582961990935
E,21200612,29878.662206469024,30,0,49275.582961990935
E,21200613,31148.999999991636,12,0,50824.0
E,21200614,30302.108137643227,43,0,49791.72197466061
E,21200501,40881.19999998743,0,1,49546.0
E,21200502,40881.19999998743,0,1,49546.0
E,21200503,40881.19999998743,0,1,49546.0
E,21200504,41311.479999987234,0,1,49899.8
E,21200505,41311.479999987234,0,1,49899.8
E,21200506,40881.19999998743,0,1,49546.0
E,21200507,41741.75999998704,0,1,50253.6
E,21200508,41885.18666665364,0,1,50371.53333333333
E,21200509,43032.59999998644,0,1,51315.0
E,21200510,42458.89333332004,0,1,50843.26666666666
E,21200511,42081.5644444314,0,1,50577.755555555545
E,21200512,41764.55259257972,0,1,50332.0074074074
E,21200513,40753.19999998774,0,1,49575.0
E,21200514,42117.417530851315,0,1,50248.66913580246
E,21200515,42235.03917694185,0,1,50220.88971193415
E,21200516,43834.499999986496,0,1,50839.0
E,21200517,43034.76958846417,0,1,50529.94485596707
E,21200518,42598.05652947921,0,1,50500.648285322364
E,21200519,42185.908705976784,0,1,50387.86438042981
E,21200520,40924.89999998697,0,1,50133.0
E,21200521,41663.602901983766,0,1,49980.62146014327
E,21200522,41489.50096731942,0,1,49844.87382004776
E,21200523,41879.999999987536,0,1,49421.0
E,21200524,41684.75048365348,0,1,49632.936910023884
E,21200525,41766.58349454261,0,1,49966.31230334129
E,21200526,41728.77799272764,0,1,50148.08307112172
E,21200527,41734.999999986816,0,1,50845.0
E,21200528,41568.89266423393,0,1,50309.027690373914
E,21200529,41515.59755473602,0,1,50362.67589679131
E,21200530,41242.89999998733,0,1,49934.0
E,21200531,41379.24877736168,0,1,50148.33794839565
E,21200601,40602.84959244584,1,1,49451.779316131884
E,21200602,40389.49945659868,0,1,49291.03908817584
E,21200603,39186.39999998851,12,1,48273.0
E,21200604,40534.2331521913,14,1,49117.67969605861
E,21200605,40582.477717388836,28,1,49059.89323201954
E,21200606,42026.79999998672,10,1,49789.0
E,21200607,41304.63885868778,18,1,49424.446616009765
E,21200608,40582.94628622119,11,1,49071.48220533658
E,21200609,40101.66171496602,9,1,48832.30960711545
E,21200610,38417.39999998909,23,1,48001.0
E,21200611,40373.92057164748,37,1,48906.43653570514
E,21200612,40373.92057164748,42,1,48906.43653570514
E,21200613,42602.69999998732,23,1,49886.0
E,21200614,41116.84704776076,35,1,49232.957690470095
E,21200501,68873.29999998848,0,2,39883.0
E,21200502,68873.29999998848,0,2,39883.0
E,21200503,68873.29999998848,0,2,39883.0
E,21200504,69598.09999998884,0,2,40334.8
E,21200505,69598.09999998884,0,2,40334.8
E,21200506,68873.29999998848,0,2,39883.0
E,21200507,70322.89999998921,0,2,40786.6
E,21200508,70564.49999998933,0,2,40937.2
E,21200509,72497.29999999031,0,2,42142.0
E,21200510,71530.89999998982,0,2,41539.60000000001
E,21200511,70617.56666665548,0,2,41318.2
E,21200512,69990.9888888772,0,2,41043.60000000001
E,21200513,67824.49999998628,0,2,40273.0
E,21200514,70521.42962961894,0,2,40988.86666666667
E,21200515,70698.24320986617,0,2,40970.62222222221
E,21200516,73748.79999999334,0,2,41650.0
E,21200517,72223.52160492976,0,2,41310.311111111114
E,21200518,70902.17386830317,0,2,41194.770370370374
E,21200519,69953.29849107313,0,2,41043.027160493824
E,21200520,66734.19999998639,0,2,40624.0
E,21200521,69670.46616368373,0,2,40903.009053497946
E,21200522,69576.18872122059,0,2,40856.33635116599
E,21200523,72323.89999999166,0,2,41042.0
E,21200524,70950.04436060612,0,2,40949.168175582985
E,21200525,70988.98145352904,0,2,40921.72272519433
E,21200526,70544.00860470817,0,2,40881.63030025911
E,21200527,69692.99999998933,0,2,40774.0
E,21200528,70121.50286822862,0,2,40967.543433419705
E,21200529,69980.66762273543,4,2,40996.18114447323
E,21200530,70127.49999998836,1,2,41247.0
E,21200531,70054.08381136191,5,2,41121.590572236615
E,21200601,68930.09460377897,5,2,40712.196857412215
E,21200602,68530.9594717092,12,2,40533.92914321628
E,21200603,66608.6999999867,32,2,39768.0
E,21200604,68549.25315722897,29,2,40291.9763810721
E,21200605,68555.35105240223,72,2,40211.325460357366
E,21200606,70508.09999999101,81,2,40574.0
E,21200607,69531.72552619662,84,2,40392.66273017868
E,21200608,68676.94184205784,108,2,40187.554243392886
E,21200609,68066.55578941344,105,2,40058.738991190534
E,21200610,65990.99999998588,235,2,39596.0
E,21200611,68869.21859646343,237,2,40405.24633039685
E,21200612,68869.21859646343,259,2,40405.24633039685
E,21200613,72550.09999999094,289,2,41561.0
E,21200614,70096.17906430592,377,2,40790.497553597896
E,21200501,890.4000000000113,0,3,1635.0
E,21200502,890.4000000000113,0,3,1635.0
E,21200503,890.4000000000113,0,3,1635.0
E,21200504,918.2200000000113,0,3,1668.0
E,21200505,918.2200000000113,0,3,1668.0
E,21200506,890.4000000000113,0,3,1635.0
E,21200507,946.040000000011,0,3,1701.0
E,21200508,955.3133333333444,0,3,1712.0
E,21200509,1029.5000000000105,0,3,1800.0
E,21200510,992.4066666666774,0,3,1756.0
E,21200511,964.5688888888988,0,3,1727.666666666667
E,21200512,942.925185185195,0,3,1703.5555555555554
E,21200513,871.8000000000087,0,3,1627.0
E,21200514,954.9417283950706,0,3,1693.1851851851852
E,21200515,958.9472427983625,0,3,1689.7283950617284
E,21200516,1050.1000000000083,0,3,1749.0
E,21200517,1004.5236213991857,0,3,1719.3641975308642
E,21200518,975.2412071330673,0,3,1721.4547325102878
E,21200519,950.2882761774204,0,3,1712.2729766803839
E,21200520,871.1000000000084,0,3,1696.0
E,21200521,958.4294253924786,0,3,1703.424325560128
E,21200522,961.1431417974981,0,3,1700.4747751867094
E,21200523,1053.900000000007,0,3,1702.0
E,21200524,1007.5215708987524,0,3,1701.2373875933545
E,21200525,1016.973856966256,0,3,1707.4124625311179
E,21200526,1004.6651426216723,0,3,1709.2166167081573
E,21200527,989.5000000000088,0,3,1719.0
E,21200528,998.1883808738968,0,3,1700.7388722360529
E,21200529,996.0294602913046,0,3,1697.9129574120175
E,21200530,1000.4000000000087,0,3,1674.0
E,21200531,998.2147301456566,0,3,1685.956478706009
E,21200601,963.771576715225,0,3,1670.3188262353362
E,21200602,951.5621022869636,2,3,1669.0917683137814
E,21200603,892.7000000000097,7,3,1651.0
E,21200604,952.1540340956614,14,3,1653.3639227712604
E,21200605,952.3513446985603,39,3,1648.12130759042
E,21200606,1012.2000000000104,33,3,1640.0
E,21200607,982.2756723492853,18,3,1644.0606537952099
E,21200608,938.5585574497678,35,3,1604.3535512650699
E,21200609,914.0114099330203,43,3,1592.47140168676
E,21200610,821.2000000000081,105,3,1529.0
E,21200611,928.803803311012,91,3,1610.49046722892
E,21200612,928.803803311012,115,3,1610.49046722892
E,21200613,1051.200000000008,144,3,1710.0
E,21200614,969.6025355406772,190,3,1643.660311485947
E,21200501,1115.9000000000103,0,4,2260.0
E,21200502,1115.9000000000103,0,4,2260.0
E,21200503,1115.9000000000103,0,4,2260.0
E,21200504,1172.420000000005,0,4,2328.2
E,21200505,1172.420000000005,0,4,2328.2000000000007
E,21200506,1115.9000000000103,0,4,2260.0
E,21200507,1228.9400000000005,0,4,2396.4
E,21200508,1247.7799999999984,0,4,2419.133333333333
E,21200509,1398.4999999999854,0,4,2601.0
E,21200510,1323.1399999999921,0,4,2510.0666666666666
E,21200511,1287.8133333333299,0,4,2501.688888888889
E,21200512,1250.917777777778,0,4,2468.585185185185
E,21200513,1141.800000000012,0,4,2394.0
E,21200514,1262.005925925927,0,4,2475.861728395062
E,21200515,1265.7019753086431,0,4,2478.2872427983543
E,21200516,1393.299999999991,0,4,2565.0
E,21200517,1329.5009876543172,0,4,2521.643621399177
E,21200518,1305.9003292181053,0,4,2503.881207133059
E,21200519,1276.7671056241431,0,4,2483.508276177412
E,21200520,1194.9000000000074,0,4,2425.0
E,21200521,1276.8890352080468,0,4,2490.502758725804
E,21200522,1276.9296784026812,0,4,2492.8342529086012
E,21200523,1358.9999999999898,0,4,2563.0
E,21200524,1317.9648392013355,0,4,2527.917126454301
E,21200525,1299.2216130671104,0,4,2515.639042151434
E,21200526,1279.2954840894845,0,4,2499.852056201912
E,21200527,1220.7000000000066,0,4,2456.0
E,21200528,1267.4984946964971,0,4,2468.617352067304
E,21200529,1263.5661648988346,0,4,2458.205784022435
E,21200530,1302.4999999999998,1,4,2450.0
E,21200531,1283.0330824494172,0,4,2454.1028920112176
E,21200601,1247.1443608164748,4,4,2391.367630670406
E,21200602,1228.6924810886333,4,4,2371.823507560541
E,21200603,1155.9000000000074,6,4,2270.0
E,21200604,1237.3308270295445,14,4,2329.2745025201802
E,21200605,1240.2102756765144,38,4,2315.0915008400602
E,21200606,1327.3999999999926,18,4,2346.0
E,21200607,1283.8051378382536,21,4,2330.5457504200303
E,21200608,1255.3017126127534,25,4,2338.8485834733433
E,21200609,1231.26895015034,36,4,2336.464777964458
E,21200610,1154.7000000000132,52,4,2340.0
E,21200611,1232.3229833834475,67,4,2370.488259321486
E,21200612,1232.3229833834475,95,4,2370.488259321486
E,21200613,1310.9999999999893,97,4,2435.0
E,21200614,1258.548655588961,123,4,2391.992172880991
E,21200501,67533.09999999554,0,5,18876.0
E,21200502,67533.09999999554,0,5,18876.0
E,21200503,67533.09999999554,0,5,18876.0
E,21200504,67548.47999999546,0,5,19115.2
E,21200505,67548.47999999546,0,5,19115.2
E,21200506,67533.09999999554,0,5,18876.0
E,21200507,67563.85999999537,0,5,19354.4
E,21200508,67568.98666666201,0,5,19434.13333333333
E,21200509,67609.99999999511,0,5,20072.0
E,21200510,67589.49333332856,0,5,19753.066666666666
E,21200511,67214.39777777279,0,5,19629.355555555558
E,21200512,67082.53037036535,0,5,19481.807407407407
E,21200513,66443.69999999469,0,5,19063.0
E,21200514,66724.77679011827,0,5,19336.269135802468
E,21200515,66605.52559670259,0,5,19287.756378600825
E,21200516,66648.09999999481,0,5,19464.0
E,21200517,66626.81279834869,0,5,19375.87818930041
E,21200518,65985.8375994459,0,5,19316.95939643347
E,21200519,65765.0834659296,0,5,19267.945861911296
E,21200520,64682.59999999418,0,5,19111.0
E,21200521,65786.9278219728,0,5,19269.6486206371
E,21200522,65794.2092739872,0,5,19270.216206879035
E,21200523,66913.09999999464,0,5,19430.0
E,21200524,66353.65463699093,0,5,19350.108103439517
E,21200525,66808.05154566023,0,5,19372.369367813168
E,21200526,66773.03539421543,0,5,19353.159157084232
E,21200527,67157.3999999951,0,5,19337.0
E,21200528,66557.37846473501,0,5,19397.386385694743
E,21200529,66485.49282157491,0,5,19412.128795231583
E,21200530,65741.69999999453,0,5,19502.0
E,21200531,66113.59641078471,0,5,19457.064397615788
E,21200601,65483.13213692457,0,5,19323.354799205263
E,21200602,65396.94284923459,0,5,19263.80639894035
E,21200603,64594.09999999448,1,5,19011.0
E,21200604,64736.08094974129,2,5,19093.935466313447
E,21200605,64515.793649910185,8,5,19037.31182210448
E,21200606,64217.1999999948,5,5,19007.0
E,21200607,64366.4968249525,0,5,19022.155911052243
E,21200608,64190.36560831385,7,5,18999.05197035075
E,21200609,64181.420811086864,4,5,18996.40262713433
E,21200610,63987.399999994246,11,5,18968.0
E,21200611,65229.70693702544,12,5,19109.467542378112
E,21200612,65229.70693702543,39,5,19109.467542378112
E,21200613,67520.2999999952,31,5,19364.0
E,21200614,65993.23795801535,29,5,19194.311694918746
E,21200501,12349.000000000136,0,6,3316.0
E,21200502,12349.000000000136,0,6,3316.0
E,21200503,12349.000000000136,0,6,3316.0
E,21200504,12481.46000000014,0,6,3323.0
E,21200505,12481.460000000141,0,6,3323.0
E,21200506,12349.000000000136,0,6,3316.0
E,21200507,12613.920000000144,0,6,3330.0
E,21200508,12658.07333333348,0,6,3332.333333333333
E,21200509,13011.300000000152,0,6,3351.0
E,21200510,12834.686666666816,0,6,3341.666666666667
E,21200511,12788.395555555706,0,6,3334.888888888889
E,21200512,12714.094074074224,0,6,3329.518518518519
E,21200513,12519.200000000148,0,6,3312.0
E,21200514,12770.96469135817,0,6,3322.172839506173
E,21200515,12789.921563786147,0,6,3319.7242798353914
E,21200516,13079.600000000128,0,6,3325.0
E,21200517,12934.76078189314,0,6,3322.3621399176955
E,21200518,12774.086927297807,0,6,3333.4540466392323
E,21200519,12672.249236397038,0,6,3336.272062185643
E,21200520,12307.900000000162,0,6,3353.0
E,21200521,12691.516412132434,0,6,3345.0906873952144
E,21200522,12697.938804044234,0,6,3348.0302291317385
E,21200523,13094.400000000107,0,6,3346.0
E,21200524,12896.169402022171,0,6,3347.015114565869
E,21200525,13003.856467340811,2,6,3360.671704855289
E,21200526,12973.67528978771,1,6,3365.562273140386
E,21200527,13021.00000000015,0,6,3389.0
E,21200528,12932.658429929348,3,6,3388.520757713462
E,21200529,12918.986143309896,0,6,3396.1735859044875
E,21200530,12803.300000000183,5,6,3411.0
E,21200531,12861.143071655039,3,6,3403.586792952244
E,21200601,12627.181023885129,2,6,3402.8622643174144
E,21200602,12568.474698513444,5,6,3400.1496857565526
E,21200603,12217.100000000168,11,6,3394.0
E,21200604,12481.191566171256,5,6,3378.383228585517
E,21200605,12452.097188723856,11,6,3371.127742861839
E,21200606,12658.000000000151,14,6,3341.0
E,21200607,12555.048594362004,21,6,3356.06387143092
E,21200608,12493.182864787437,18,6,3368.354623810307
E,21200609,12438.24381971653,25,6,3377.472831747076
E,21200610,12266.50000000015,44,6,3408.0
E,21200611,12591.647939905595,43,6,3370.8242772490253
E,21200612,12591.647939905595,67,6,3370.8242772490253
E,21200613,13070.20000000011,111,6,3327.0
E,21200614,12751.165293270436,85,6,3356.216184832683
E,21200501,4457.699999999969,0,7,2643.0
E,21200502,4457.699999999969,0,7,2643.0
E,21200503,4457.699999999969,0,7,2643.0
E,21200504,4452.65999999997,0,7,2683.4
E,21200505,4452.65999999997,0,7,2683.4
E,21200506,4457.699999999969,0,7,2643.0
E,21200507,4447.619999999971,0,7,2723.8
E,21200508,4445.9399999999705,0,7,2737.2666666666664
E,21200509,4432.4999999999745,0,7,2845.0
E,21200510,4439.219999999973,0,7,2791.133333333333
E,21200511,4416.106666666633,0,7,2801.7111111111108
E,21200512,4410.642222222185,0,7,2787.2814814814806
E,21200513,4376.59999999995,0,7,2769.0
E,21200514,4397.314074074031,0,7,2725.76049382716
E,21200515,4392.871358024648,0,7,2705.253497942387
E,21200516,4404.699999999958,0,7,2621.0
E,21200517,4398.785679012302,0,7,2663.1267489711936
E,21200518,4436.161893004072,0,7,2697.375582990398
E,21200519,4446.64919067211,0,7,2722.834110653864
E,21200520,4504.999999999956,0,7,2808.0
E,21200521,4428.849730224004,0,7,2699.611370217955
E,21200522,4422.9165767413015,0,7,2691.8704567393183
E,21200523,4334.899999999947,0,7,2568.0
E,21200524,4378.908288370625,0,7,2629.935228369659
E,21200525,4423.0360961235165,0,7,2709.978409456553
E,21200526,4452.414794831372,0,7,2757.3045459420705
E,21200527,4555.299999999975,2,7,2932.0
E,21200528,4441.3049316104325,0,7,2820.1015153140233
E,21200529,4437.601643870119,3,7,2841.033838438008
E,21200530,4316.199999999949,12,7,2771.0
E,21200531,4376.900821935034,7,7,2806.0169192190037
E,21200601,4375.20027397831,24,7,2778.005639739668
E,21200602,4394.867031971098,48,7,2780.3408529862236
E,21200603,4432.49999999995,77,7,2757.0
E,21200604,4473.455677323676,94,7,2729.113617662075
E,21200605,4499.651892441204,130,7,2712.037872554025
E,21200606,4592.9999999999845,130,7,2650.0
E,21200607,4546.325946220594,180,7,2681.0189362770125
E,21200608,4522.075315406854,287,7,2620.6729787590043
E,21200609,4498.433753875811,354,7,2610.8973050120057
E,21200610,4426.899999999984,420,7,2531.0
E,21200611,4542.44458462526,545,7,2578.965768337335
E,21200612,4542.44458462526,802,7,2578.965768337335
E,21200613,4701.999999999986,931,7,2595.0
E,21200614,4595.6297230835025,949,7,2584.3105122248903
E,21200501,55429.99999999518,0,8,14998.0
E,21200502,55429.99999999518,0,8,14998.0
E,21200503,55429.99999999518,0,8,14998.0
E,21200504,55718.81999999518,0,8,15137.2
E,21200505,55718.81999999518,0,8,15137.2
E,21200506,55429.99999999518,0,8,14998.0
E,21200507,56007.63999999518,0,8,15276.4
E,21200508,56103.913333328535,0,8,15322.8
E,21200509,56874.0999999952,0,8,15694.0
E,21200510,56489.006666661866,0,8,15508.4
E,21200511,55933.23555555092,0,8,15374.466666666667
E,21200512,55619.61407406948,0,8,15267.955555555556
E,21200513,54436.599999995684,0,8,14921.0
E,21200514,55637.93802468687,0,8,15169.318518518518
E,21200515,55644.04600822599,0,8,15136.43950617284
E,21200516,56857.59999999541,0,8,15319.0
E,21200517,56250.8230041107,0,8,15227.719753086421
E,21200518,55326.94100136728,0,8,15235.239917695471
E,21200519,54816.72133515791,0,8,15207.319890260633
E,21200520,52872.39999999573,0,8,15159.0
E,21200521,54245.607111716214,0,8,15272.773296753545
E,21200522,54055.23570390231,0,8,15294.591098917846
E,21200523,55047.69999999501,0,8,15452.0
E,21200524,54551.46785194866,0,8,15373.29554945892
E,21200525,54786.35595064626,0,8,15460.765183152977
E,21200526,54699.24126753001,0,8,15463.686910870632
E,21200527,54759.8999999951,0,8,15557.0
E,21200528,54541.24708917344,3,8,15456.562303623545
E,21200529,54488.58236305458,2,8,15454.187434541182
E,21200530,54164.59999999522,1,8,15349.0
E,21200531,54326.591181524906,10,8,15401.593717270589
E,21200601,54082.96372717199,18,8,15130.197905756862
E,21200602,54055.75163623091,19,8,15057.263874342483
E,21200603,53757.69999999584,30,8,14640.0
E,21200604,54728.75054540759,61,8,14771.087958114163
E,21200605,54953.083515133156,65,8,14675.695986038054
E,21200606,56372.79999999599,62,8,14616.0
E,21200607,55662.941757564564,49,8,14645.847993019026
E,21200608,54943.447252518825,86,8,14527.282664339675
E,21200609,54466.99633669312,147,8,14497.710219119566
E,21200610,52794.599999995946,164,8,14320.0
E,21200611,54681.098778894855,236,8,14508.570073039857
E,21200612,54681.098778894855,314,8,14508.570073039857
E,21200613,56781.69999999548,303,8,14708.0
E,21200614,55381.2991859284,364,8,14575.046715359902
E,21200501,17430.000000002154,0,9,27400.0
E,21200502,17430.000000002154,0,9,27400.0
E,21200503,17430.000000002154,0,9,27400.0
E,21200504,17791.100000001952,0,9,28028.2
E,21200505,17791.100000001952,0,9,28028.2
E,21200506,17430.000000002154,0,9,27400.0
E,21200507,18152.200000001754,0,9,28656.4
E,21200508,18272.566666668357,0,9,28865.8
E,21200509,19235.50000000115,0,9,30541.0
E,21200510,18754.03333333475,0,9,29703.4
E,21200511,18600.97777777932,0,9,29638.8
E,21200512,18389.470370372044,0,9,29338.066666666666
E,21200513,17813.400000002064,0,9,28672.0
E,21200514,18408.490123458407,0,9,29096.022222222222
E,21200515,18414.830041153866,0,9,29015.340740740736
E,21200516,19022.60000000112,0,9,29278.0
E,21200517,18718.71502057749,0,9,29146.670370370368
E,21200518,18398.50500686029,0,9,29160.556790123457
E,21200519,18190.473342480018,0,9,29121.409053497944
E,21200520,17454.200000002264,0,9,29057.0
E,21200521,18063.257780827902,0,9,28971.136351165987
E,21200522,18020.85259361053,0,9,28921.04545038866
E,21200523,18545.100000001425,0,9,28735.0
E,21200524,18282.97629680598,0,9,28828.022725194332
E,21200525,18438.25876560293,0,9,29107.007575064774
E,21200526,18402.645020803437,0,9,29231.01010008637
E,21200527,18486.700000001383,0,9,29758.0
E,21200528,18600.48167360209,0,9,29444.33670002879
E,21200529,18666.427224534982,0,9,29515.445566676266
E,21200530,18912.10000000147,0,9,29344.0
E,21200531,18789.263612268223,0,9,29429.72278333813
E,21200601,18332.687870757425,0,9,28931.240927779374
E,21200602,18139.550494342748,0,9,28793.654570372506
E,21200603,17296.700000002587,0,9,28020.0
E,21200604,17886.21683144889,2,9,28584.88485679083
E,21200605,17801.77227715094,12,9,28515.294952263608
E,21200606,18222.400000001333,10,9,28941.0
E,21200607,18012.086138576142,6,9,28728.147476131802
E,21200608,17602.828712860046,14,9,28247.38249204393
E,21200609,17396.304950479618,15,9,28016.17665605858
E,21200610,16574.00000000266,15,9,27073.0
E,21200611,17438.201650161343,8,9,27879.392218686196
E,21200612,17438.201650161347,15,9,27879.392218686196
E,21200613,18344.30000000176,44,9,28549.0
E,21200614,17740.234433441485,30,9,28102.59481245746
E,21200501,139986.80000005855,0,10,93131.0
E,21200502,139986.80000005855,0,10,93131.0
E,21200503,139986.80000005855,0,10,93131.0
E,21200504,139694.00000005984,0,10,93764.8
E,21200505,139694.00000005984,0,10,93764.8
E,21200506,139986.80000005855,0,10,93131.0
E,21200507,139401.2000000611,0,10,94398.6
E,21200508,139303.60000006153,0,10,94609.86666666664
E,21200509,138522.80000006495,0,10,96300.0
E,21200510,138913.20000006325,0,10,95454.93333333332
E,21200511,138103.86666672904,0,10,95551.31111111114
E,21200512,137964.22222228374,0,10,95301.74814814814
E,21200513,136875.60000005894,0,10,94899.0
E,21200514,138729.84074080302,0,10,95210.24938271604
E,21200515,138985.04691364276,0,10,95179.74979423867
E,21200516,141349.70000006628,0,10,95430.0
E,21200517,140167.37345685452,0,10,95304.87489711931
E,21200518,138088.12448565973,0,10,94994.29163237312
E,21200519,137000.9326475242,0,10,94849.05550983084
E,21200520,132747.30000005837,0,10,94248.0
E,21200521,136402.8108825493,0,10,94499.6851699436
E,21200522,136203.43696089098,0,10,94383.22838998119
E,21200523,139460.20000006532,0,10,94402.0
E,21200524,137831.81848047813,0,10,94392.6141949906
E,21200525,138624.2394935354,0,10,94526.8713983302
E,21200526,138345.58599135876,0,10,94568.49519777359
E,21200527,138580.70000006276,0,10,94786.0
E,21200528,137940.9286638269,0,10,94479.16506592454
E,21200529,137806.04288798288,0,10,94449.38835530817
E,21200530,136896.5000000591,0,10,94083.0
E,21200531,137351.27144402105,0,10,94266.19417765408
E,21200601,135323.8238147111,0,10,93656.73139255137
E,21200602,134799.59841959507,0,10,93514.64185673515
E,21200603,131723.70000005313,6,10,92621.0
E,21200604,133946.43280656845,13,10,92846.21395224506
E,21200605,133662.04426889293,9,10,92623.40465074836
E,21200606,135316.00000005716,17,10,92403.0
E,21200607,134489.02213447506,9,10,92513.20232537418
E,21200608,133633.37404486135,14,10,92445.73410845804
E,21200609,133072.4987264628,12,10,92459.9788112774
E,21200610,131095.10000005187,18,10,92421.0
E,21200611,134074.26624219198,38,10,93139.65960375914
E,21200612,134074.26624219195,36,10,93139.65960375914
E,21200613,138055.20000006122,57,10,94538.0
E,21200614,135401.2441614817,53,10,93605.77306917275
E,21200501,87587.10000000699,0,11,42006.0
E,21200502,87587.10000000699,0,11,42006.0
E,21200503,87587.100000007,0,11,42006.0
E,21200504,88400.40000000747,0,11,42368.0
E,21200505,88400.40000000747,0,11,42368.0
E,21200506,87587.10000000699,0,11,42006.0
E,21200507,89213.70000000797,0,11,42730.0
E,21200508,89484.80000000812,0,11,42850.66666666666
E,21200509,91653.60000000944,0,11,43816.0
E,21200510,90569.20000000877,0,11,43333.33333333333
E,21200511,90782.26666667516,0,11,43328.77777777778
E,21200512,90491.82222223037,0,11,43166.370370370365
E,21200513,90124.00000000725,0,11,42837.0
E,21200514,90706.14074074893,0,11,43243.456790123455
E,21200515,90777.5802469218,0,11,43269.15226337448
E,21200516,91502.60000000916,0,11,43727.0
E,21200517,91140.09012346547,0,11,43498.07613168724
E,21200518,89756.73004116016,0,11,43303.69204389575
E,21200519,89174.77338821047,0,11,43162.589391861
E,21200520,86627.5000000058,0,11,42686.0
E,21200521,88458.89112940832,0,11,42972.19646395367
E,21200522,88220.2637098076,0,11,42908.732154651225
E,21200523,89574.40000000867,0,11,43068.0
E,21200524,88897.33185490813,0,11,42988.36607732561
E,21200525,89965.64395164199,0,11,43077.122025775214
E,21200526,90096.05860218644,0,11,43080.162701033616
E,21200527,91425.2000000092,6,11,43175.0
E,21200528,90085.18620073439,0,11,43408.054233677874
E,21200529,90081.56206691707,0,11,43517.35141122595
E,21200530,88734.30000000754,5,11,43969.0
E,21200531,89407.9310334623,6,11,43743.17570561297
E,21200601,88170.11034449203,11,11,43269.391901870986
E,21200602,87982.04712598685,14,11,43036.189202494665
E,21200603,86368.10000000626,12,11,42096.0
E,21200604,87759.71570866702,32,11,42844.06306749822
E,21200605,87685.60523622709,23,11,42780.0210224994
E,21200606,88929.00000000795,23,11,43400.0
E,21200607,88307.30261811752,16,11,43090.010511249704
E,21200608,87888.96753937722,58,11,42673.33683708323
E,21200609,87542.29005250036,48,11,42431.11578277763
E,21200610,86430.60000000629,47,11,41530.0
E,21200611,87786.09668417161,82,11,42366.37192759255
E,21200612,87786.09668417161,61,11,42366.37192759255
E,21200613,89385.40000000822,89,11,43138.0
E,21200614,88319.19778945047,100,11,42623.5812850617
E,21200501,104669.60000001868,0,12,64619.0
E,21200502,104669.60000001868,0,12,64619.0
E,21200503,104669.60000001868,0,12,64619.0
E,21200504,104788.14000001953,0,12,65074.2
E,21200505,104788.14000001953,0,12,65074.2
E,21200506,104669.60000001868,0,12,64619.0
E,21200507,104906.68000002037,0,12,65529.4
E,21200508,104946.19333335396,0,12,65681.13333333332
E,21200509,105262.30000002286,0,12,66895.0
E,21200510,105104.2466666884,0,12,66288.06666666668
E,21200511,105369.38222224434,0,12,66461.68888888888
E,21200512,105405.07629631816,0,12,66317.25185185185
E,21200513,105741.60000002176,0,12,66202.0
E,21200514,106226.89209878872,0,12,66397.41728395062
E,21200515,106500.83069961224,0,12,66424.13909465019
E,21200516,107534.0000000262,0,12,66673.0
E,21200517,107017.4153498192,0,12,66548.56954732511
E,21200518,105424.43844995524,0,12,66522.5231824417
E,21200519,104721.25126659824,0,12,66472.3642432556
E,21200520,101721.90000002034,2,12,66346.0
E,21200521,104158.28375554696,0,12,66191.12141441852
E,21200522,103970.62791852985,0,12,66097.37380480616
E,21200523,106031.70000002225,0,12,65755.0
E,21200524,105001.16395927603,0,12,65926.18690240307
E,21200525,105798.15465310717,0,12,65714.39563413436
E,21200526,105720.30620413547,3,12,65700.86084551248
E,21200527,106361.60000002313,0,12,65462.0
E,21200528,105114.53540139324,0,12,65728.28694850416
E,21200529,104912.61180047916,0,12,65737.42898283472
E,21200530,103261.7000000211,0,12,66022.0
E,21200531,104087.15590025012,2,12,65879.71449141737
E,21200601,103230.2186334306,26,12,65706.90483047246
E,21200602,103219.72484456707,24,12,65601.8731072966
E,21200603,102341.8000000205,34,12,65219.0
E,21200604,103108.00828153614,70,12,65202.29103576553
E,21200605,103070.76942719244,45,12,65069.09701192183
E,21200606,103762.50000002072,51,12,64786.0
E,21200607,103416.63471360656,47,12,64927.54850596093
E,21200608,102753.61157121578,79,12,64603.1828353203
E,21200609,102417.3154282808,83,12,64542.243780427074
E,21200610,101081.70000002002,109,12,64096.0
E,21200611,103128.0718094415,117,12,64987.41459347568
E,21200612,103128.07180944149,143,12,64987.41459347568
E,21200613,105885.20000002367,176,12,66324.0
E,21200614,104047.11453963557,179,12,65432.94306231713
E,21200501,46278.899999988935,0,13,40293.0
E,21200502,46278.899999988935,0,13,40293.0
E,21200503,46278.899999988935,0,13,40293.0
E,21200504,46643.939999988586,0,13,40781.6
E,21200505,46643.939999988586,0,13,40781.6
E,21200506,46278.899999988935,0,13,40293.0
E,21200507,47008.97999998825,0,13,41270.2
E,21200508,47130.65999998814,0,13,41433.06666666667
E,21200509,48104.09999998724,0,13,42736.0
E,21200510,47617.37999998769,0,13,42084.53333333334
E,21200511,46219.59333332152,0,13,41686.84444444445
E,21200512,45591.42444443295,0,13,41337.12592592593
E,21200513,42937.29999998962,0,13,40240.0
E,21200514,45333.97481480345,0,13,40852.70864197531
E,21200515,45248.158271593624,0,13,40691.23621399177
E,21200516,47473.199999987766,0,13,40981.0
E,21200517,46360.679135790684,0,13,40836.11810699589
E,21200518,45101.52637858936,0,13,40571.03936899863
E,21200519,44310.968504789904,0,13,40434.38582533151
E,21200520,41470.69999998965,0,13,39896.0
E,21200521,43885.45616825578,0,13,40459.46194177717
E,21200522,43743.61872274442,0,13,40467.82064725906
E,21200523,45874.699999987824,0,13,41048.0
E,21200524,44809.15936136613,0,13,40757.910323629534
E,21200525,44759.11978711438,0,13,40552.636774543185
E,21200526,44387.25971615657,0,13,40387.5156993909
E,21200527,43593.4999999892,0,13,39852.0
E,21200528,44694.053238711414,0,13,40332.83856646364
E,21200529,44796.31774622968,0,13,40314.61285548788
E,21200530,46101.39999998844,0,13,40759.0
E,21200531,45448.858873109064,3,13,40536.80642774393
E,21200601,43999.986291029236,0,13,40061.93547591464
E,21200602,43299.5150547095,0,13,39829.58063455286
E,21200603,40449.69999999021,0,13,38890.0
E,21200604,42959.938351562785,2,13,39597.52687818429
E,21200605,42846.74611718053,7,13,39520.17562606143
E,21200606,45130.59999998863,15,13,40073.0
E,21200607,43988.67305858458,6,13,39796.58781303071
E,21200608,43156.59101952135,11,13,39636.52927101024
E,21200609,42498.58802603226,10,13,39491.03902801365
E,21200610,40350.49999999084,18,13,39040.0
E,21200611,42937.062675336914,24,13,39947.67967600455
E,21200612,42937.062675336914,24,13,39947.67967600455
E,21200613,45962.09999998764,37,13,41312.0
E,21200614,43945.408450220486,52,13,40402.453117336365
E,21200501,86084.70000000621,0,14,35473.0
E,21200502,86084.70000000621,0,14,35473.0
E,21200503,86084.70000000621,0,14,35473.0
E,21200504,85952.12000000622,0,14,35728.2
E,21200505,85952.12000000624,0,14,35728.200000000004
E,21200506,86084.70000000621,0,14,35473.0
E,21200507,85819.54000000625,0,14,35983.4
E,21200508,85775.34666667291,0,14,36068.46666666667
E,21200509,85421.80000000626,0,14,36749.0
E,21200510,85598.57333333959,0,14,36408.73333333334
E,21200511,84785.99111111586,0,14,36271.24444444445
E,21200512,84574.05481481906,0,14,36111.9925925926
E,21200513,83337.60000000174,0,14,35656.0
E,21200514,84634.75160494244,0,14,36030.9975308642
E,21200515,84654.98386831691,0,14,36003.999176954734
E,21200516,85992.60000000653,0,14,36325.0
E,21200517,85323.79193416171,0,14,36164.49958847737
E,21200518,83710.863978055,0,14,36016.833196159125
E,21200519,82950.28530407115,0,14,35914.11092821217
E,21200520,79816.19999999674,0,14,35561.0
E,21200521,82003.8284346907,0,14,35759.70364273739
E,21200522,81688.34281156388,0,14,35708.23454757913
E,21200523,83245.00000000418,0,14,35804.0
E,21200524,82466.67140578403,0,14,35756.11727378957
E,21200525,83624.82380193098,0,14,35683.705757929856
E,21200526,83751.43173590659,0,14,35643.607677239816
E,21200527,85162.80000000473,0,14,35491.0
E,21200528,83528.44391197081,0,14,35675.8692257466
E,21200529,83454.11463732553,0,14,35686.62307524887
E,21200530,81671.10000000107,0,14,35893.0
E,21200531,82562.6073186633,0,14,35789.81153762444
E,21200601,81668.80243955474,1,14,35647.937179208144
E,21200602,81668.03658607263,0,14,35566.24957227753
E,21200603,80772.69999999987,0,14,35261.0
E,21200604,81818.74552869271,3,14,35618.74985742584
E,21200605,81868.9818428994,5,14,35636.249952475286
E,21200606,83015.50000000563,13,14,36029.0
E,21200607,82442.24092145253,2,14,35832.62497623764
E,21200608,81754.04697381891,9,14,35514.87499207921
E,21200609,81333.56263175666,7,14,35343.49998943895
E,21200610,79804.39999999855,13,14,34683.0
E,21200611,82028.38754392057,21,14,35339.166663146316
E,21200612,82028.38754392057,28,14,35339.166663146316
E,21200613,84947.20000000647,35,14,35991.0
E,21200614,83001.32502928253,42,14,35556.44444209754
E,21200501,2410.899999999974,0,15,1993.0
E,21200502,2410.899999999974,0,15,1993.0
E,21200503,2410.899999999974,0,15,1993.0
E,21200504,2396.659999999977,0,15,2008.6
E,21200505,2396.6599999999758,0,15,2008.6
E,21200506,2410.899999999974,0,15,1993.0
E,21200507,2382.419999999979,0,15,2024.2
E,21200508,2377.673333333313,0,15,2029.4
E,21200509,2339.6999999999853,0,15,2071.0
E,21200510,2358.6866666666488,0,15,2050.2
E,21200511,2331.3955555555385,0,15,2031.7333333333331
E,21200512,2328.627407407389,0,15,2018.6444444444446
E,21200513,2295.799999999981,0,15,1974.0
E,21200514,2347.775802469116,0,15,1998.2148148148144
E,21200515,2354.158600823024,0,15,1991.4049382716046
E,21200516,2418.899999999976,0,15,2002.0
E,21200517,2386.5293004115,0,15,1996.7024691358026
E,21200518,2333.543100137154,0,15,1962.2341563786008
E,21200519,2305.09080018288,0,15,1948.978875171468
E,21200520,2195.1999999999853,0,15,1888.0
E,21200521,2294.730266727614,0,15,1947.992958390489
E,21200522,2291.276755575859,0,15,1947.6643194634964
E,21200523,2383.899999999977,0,15,2007.0
E,21200524,2337.588377787918,0,15,1977.332159731748
E,21200525,2340.162792595957,0,15,1976.444053243916
E,21200526,2325.583723461284,0,15,1966.2587376585543
E,21200527,2298.9999999999773,0,15,1945.0
E,21200528,2295.3279078204127,0,15,1987.0862458861848
E,21200529,2285.242635940123,4,15,1994.028748628728
E,21200530,2261.3999999999787,14,15,2050.0
E,21200531,2273.32131797005,19,15,2022.014374314364
E,21200601,2263.640439323337,21,15,2007.0047914381207
E,21200602,2264.387252431123,20,15,1992.673055250828
E,21200603,2256.199999999981,35,15,1949.0
E,21200604,2273.1624174770277,65,15,1983.224351750276
E,21200605,2276.0874724923306,57,15,1980.0747839167584
E,21200606,2298.899999999982,64,15,2008.0
E,21200607,2287.493736246156,85,15,1994.0373919583794
E,21200608,2257.2979120820387,106,15,1992.0124639861267
E,21200609,2243.4305494427244,192,15,1986.6832853148355
E,21200610,2185.499999999978,187,15,1974.0
E,21200611,2231.210183147561,262,15,1983.561095104945
E,21200612,2231.210183147561,331,15,1983.561095104945
E,21200613,2264.699999999981,406,15,1990.0
E,21200614,2242.373455431701,489,15,1985.7073967366296
E,21200501,24344.899999994454,0,16,21143.0
E,21200502,24344.899999994454,0,16,21143.0
E,21200503,24344.899999994454,0,16,21143.0
E,21200504,24520.29999999428,0,16,21395.1
E,21200505,24520.29999999428,0,16,21395.1
E,21200506,24344.899999994454,0,16,21143.0
E,21200507,24695.699999994114,0,16,21647.199999999997
E,21200508,24754.166666660723,0,16,21731.233333333337
E,21200509,25221.89999999361,0,16,22403.5
E,21200510,24988.033333327166,0,16,22067.36666666667
E,21200511,24275.49444443853,0,16,21859.28888888889
E,21200512,23960.02592592017,0,16,21677.885185185187
E,21200513,22616.5499999948,0,16,21107.0
E,21200514,23840.87530863628,0,16,21425.46172839506
E,21200515,23801.158436208323,0,16,21341.320576131686
E,21200516,24946.04999999387,0,16,21491.5
E,21200517,24373.604218101093,0,16,21416.410288065847
E,21200518,23717.53473936326,0,16,21266.636762688617
E,21200519,23308.02965248639,0,16,21191.68235025149
E,21200520,21832.949999994817,0,16,20892.0
E,21200521,23090.0932174917,0,16,21203.72745008383
E,21200522,23017.44773916014,0,16,21207.74248336128
E,21200523,24129.299999993902,0,16,21527.5
E,21200524,23573.373869577026,0,16,21367.62124168064
E,21200525,23549.641289855168,0,16,21264.540413893552
E,21200526,23356.421719808928,0,16,21176.887218524724
E,21200527,22946.24999999459,0,16,20898.5
E,21200528,23494.690573265914,0,16,21159.962406174913
E,21200529,23540.7801910849,0,16,21154.320802058304
E,21200530,24181.39999999421,0,16,21404.5
E,21200531,23861.090095539555,0,16,21279.41040102915
E,21200601,23131.813365176287,2,16,21034.47013367638
E,21200602,22781.951153570313,0,16,20911.126844901846
E,21200603,21352.949999995097,5,16,20419.5
E,21200604,22616.550384519905,2,16,20790.375614967284
E,21200605,22561.416794836434,10,16,20750.125204989094
E,21200606,23714.749999994307,2,16,21040.5
E,21200607,23138.08339741537,8,16,20895.312602494545
E,21200608,22706.944465801695,8,16,20814.27086749818
E,21200609,22371.009287737492,23,16,20738.861156664243
E,21200610,21267.99999999541,10,16,20507.0
E,21200611,22584.136429242237,28,16,20965.620385554746
E,21200612,22584.136429242237,20,16,20965.620385554746
E,21200613,24113.39999999381,39,16,21651.0
E,21200614,23093.890952826092,61,16,21194.080257036498
E,21200501,128148.90000003055,0,17,65245.0
E,21200502,128148.90000003055,0,17,65245.0
E,21200503,128148.90000003055,0,17,65245.0
E,21200504,130823.02000003244,0,17,66317.2
E,21200505,130823.02000003244,0,17,66317.2
E,21200506,128148.90000003055,0,17,65245.0
E,21200507,133497.14000003433,0,17,67389.40000000001
E,21200508,134388.51333336823,0,17,67746.8
E,21200509,141519.50000003993,0,17,70606.0
E,21200510,137954.00666670408,0,17,69176.4
E,21200511,138901.26888892596,0,17,68705.46666666666
E,21200512,138028.5251852213,0,17,68071.95555555554
E,21200513,137230.30000003387,0,17,66334.0
E,21200514,139462.47506176398,0,17,67543.98518518517
E,21200515,139940.45835394488,0,17,67367.99506172839
E,21200516,143128.60000003682,0,17,68226.0
E,21200517,141534.52917699085,0,17,67796.9975308642
E,21200518,139538.97639235356,0,17,67632.66584362139
E,21200519,138342.43518979245,0,17,67434.88779149519
E,21200520,133953.80000003296,0,17,66875.0
E,21200521,137724.34506328742,0,17,67550.2959304984
E,21200522,137518.31502111908,0,17,67588.76531016613
E,21200523,140876.80000003686,0,17,68341.0
E,21200524,139197.55751057796,0,17,67964.88265508307
E,21200525,139498.485836884,0,17,67677.96088502769
E,21200526,139039.04778249972,0,17,67456.94784670358
E,21200527,138421.10000003726,0,17,66728.0
E,21200528,138123.1159275249,0,17,67627.64928223452
E,21200529,137817.80530919993,0,17,67684.54976074485
E,21200530,136909.20000003767,0,17,68698.0
E,21200531,137363.50265461882,0,17,68191.27488037242
E,21200601,135031.7342182294,0,17,67414.42496012415
E,21200602,134405.91229096,0,17,66986.56661349887
E,21200603,130822.50000003172,0,17,65354.0
E,21200604,133322.50409700858,0,17,66186.52220449963
E,21200605,132961.36803235812,0,17,65919.84073483321
E,21200606,134739.10000003406,0,17,66219.0
E,21200607,133850.2340161961,0,17,66069.4203674166
E,21200608,133054.34467208642,0,17,65666.14012247219
E,21200609,132492.75956277052,0,17,65481.85349662961
E,21200610,130573.700000029,0,17,64710.0
E,21200611,133535.81985427815,0,17,65686.61783220987
E,21200612,133535.81985427815,0,17,65686.61783220987
E,21200613,137541.00000003492,0,17,66868.0
E,21200614,134870.87990286373,0,17,66080.41188813992
E,21200501,62804.499999994034,0,18,23708.0
E,21200502,62804.499999994034,0,18,23708.0
E,21200503,62804.499999994034,0,18,23708.0
E,21200504,63318.13999999409,0,18,23787.8
E,21200505,63318.139999994084,0,18,23787.8
E,21200506,62804.499999994034,0,18,23708.0
E,21200507,63831.77999999415,0,18,23867.6
E,21200508,64002.9933333275,0,18,23894.2
E,21200509,65372.69999999433,0,18,24107.0
E,21200510,64687.84666666093,0,18,24000.6
E,21200511,65798.3155555501,0,18,24005.533333333336
E,21200512,65940.18740740202,0,18,23971.711111111108
E,21200513,67334.39999999503,0,18,23909.0
E,21200514,66690.46246913058,0,18,23954.903703703705
E,21200515,66940.55415637343,0,18,23949.3012345679
E,21200516,66796.79999999469,0,18,23984.0
E,21200517,66868.67707818406,0,18,23966.65061728395
E,21200518,66439.29235939113,0,18,23864.216872427984
E,21200519,66320.1231458566,0,18,23824.28916323731
E,21200520,65652.39999999461,0,18,23642.0
E,21200521,65904.307715282,0,18,23718.096387745765
E,21200522,65765.70257175714,0,18,23682.698795915254
E,21200523,65740.3999999948,0,18,23688.0
E,21200524,65753.05128587596,0,18,23685.34939795763
E,21200525,66899.61709528879,0,18,23764.783132652545
E,21200526,67286.02279372013,0,18,23790.377510203398
E,21200527,69205.39999999563,0,18,23921.0
E,21200528,67013.60759790342,0,18,23852.4591700678
E,21200529,66922.80253263119,0,18,23873.15305668926
E,21200530,64549.39999999449,0,18,23846.0
E,21200531,65736.10126631285,0,18,23859.576528344627
E,21200601,65425.86708876738,0,18,23735.192176114877
E,21200602,65718.02278502502,0,18,23698.256234819837
E,21200603,65992.09999999484,0,18,23500.0
E,21200604,65937.74092833807,0,18,23664.752078273283
E,21200605,66010.98030944244,0,18,23653.584026091088
E,21200606,66103.09999999437,0,18,23796.0
E,21200607,66057.04015471843,1,18,23724.792013045542
E,21200608,65993.11338490262,3,18,23657.930671015187
E,21200609,65956.45117987202,0,18,23611.90756135358
E,21200610,65819.19999999503,0,18,23453.0
E,21200611,65961.58372662059,0,18,23539.635853784526
E,21200612,65961.58372662059,5,18,23539.635853784526
E,21200613,66109.09999999472,12,18,23554.0
E,21200614,66010.7558177453,4,18,23544.423902523016
E,21200501,3125.099999999987,0,19,1129.0
E,21200502,3125.099999999987,0,19,1129.0
E,21200503,3125.099999999987,0,19,1129.0
E,21200504,3089.8199999999865,0,19,1118.4
E,21200505,3089.819999999987,0,19,1118.4
E,21200506,3125.099999999987,0,19,1129.0
E,21200507,3054.539999999987,0,19,1107.8
E,21200508,3042.7799999999866,0,19,1104.2666666666667
E,21200509,2948.699999999985,0,19,1076.0
E,21200510,2995.739999999986,0,19,1090.1333333333332
E,21200511,3010.3799999999846,0,19,1081.3777777777775
E,21200512,3030.939999999984,0,19,1083.1703703703704
E,21200513,3086.699999999982,0,19,1078.0
E,21200514,3023.346666666652,0,19,1092.056790123457
E,21200515,3020.8155555555395,0,19,1095.0189300411523
E,21200516,2952.399999999986,0,19,1115.0
E,21200517,2986.607777777763,0,19,1105.009465020576
E,21200518,2943.635925925913,0,19,1108.0031550068586
E,21200519,2940.7145679012224,0,19,1105.6708733424782
E,21200520,2891.899999999991,0,19,1104.0
E,21200521,3003.3048559670697,0,19,1101.5569577808262
E,21200522,3024.1682853223524,0,19,1100.1856525936091
E,21200523,3177.2999999999956,0,19,1095.0
E,21200524,3100.734142661174,0,19,1097.5928262968046
E,21200525,3192.478047553718,0,19,1090.1976087656014
E,21200526,3197.537396738292,0,19,1088.5968116874685
E,21200527,3299.399999999986,0,19,1078.0
E,21200528,3121.4791322460896,0,19,1077.5322705624894
E,21200529,3096.126377415356,0,19,1073.8440901874962
E,21200530,2867.4999999999914,0,19,1066.0
E,21200531,2981.813188707673,0,19,1069.9220450937482
E,21200601,3039.671062902551,0,19,1071.6406816979159
E,21200602,3097.061417203404,0,19,1073.5209089305547
E,21200603,3269.699999999988,2,19,1079.0
E,21200604,3219.4538057344603,0,19,1088.1736363101847
E,21200605,3260.2512685781458,0,19,1093.0578787700617
E,21200606,3291.599999999989,0,19,1112.0
E,21200607,3275.925634289068,3,19,1102.5289393850308
E,21200608,3366.9418780963483,0,19,1107.1763131283437
E,21200609,3392.0558374618013,0,19,1105.568417504458
E,21200610,3533.2999999999865,0,19,1107.0
E,21200611,3418.6852791539245,0,19,1111.522805834819
E,21200612,3418.6852791539245,0,19,1111.522805834819
E,21200613,3330.699999999986,0,19,1122.0
E,21200614,3389.3568527692787,1,19,1115.0152038898796
E,21200501,374645.79999994335,0,20,64914.0
E,21200502,374645.79999994335,0,20,64914.0
E,21200503,374645.7999999433,0,20,64914.0
E,21200504,378592.5799999416,0,20,65329.6
E,21200505,378592.5799999416,0,20,65329.6
E,21200506,374645.79999994335,0,20,64914.0
E,21200507,382539.3599999399,0,20,65745.2
E,21200508,383854.9533332727,0,20,65883.73333333334
E,21200509,394379.6999999347,0,20,66992.0
E,21200510,389117.3266666037,0,20,66437.86666666668
E,21200511,390693.9755554962,0,20,66243.62222222223
E,21200512,389465.40074068337,0,20,65994.16296296298
E,21200513,388584.8999999503,0,20,65301.0
E,21200514,394789.5002468543,0,20,66110.05432098766
E,21200515,396564.2000822447,0,20,66148.68477366255
E,21200516,406318.1999999295,0,20,67035.0
E,21200517,401441.2000410871,0,20,66591.84238683128
E,21200518,394612.8666803204,0,20,66422.61412894375
E,21200519,390711.08890711743,0,20,66218.48550525832
E,21200520,376079.1999999447,0,20,65641.0
E,21200521,387085.0296356662,0,20,65866.49516841944
E,21200522,385876.3432118492,0,20,65749.16505613981
E,21200523,394464.7999999364,0,20,65740.0
E,21200524,390170.5716058928,0,20,65744.5825280699
E,21200525,392892.4905352559,0,20,65419.1941760233
E,21200526,392368.38738036243,0,20,65312.2589013644
E,21200527,394042.0999999385,0,20,64773.0
E,21200528,389165.7291267496,0,20,65612.0863004548
E,21200529,388098.1763755453,0,20,65712.02876681827
E,21200530,381086.69999994774,1,20,66751.0
E,21200531,384592.4381877465,0,20,66231.51438340914
E,21200601,381013.94606254646,0,20,65702.50479446971
E,21200602,380989.69475007936,1,20,65353.00639262629
E,21200603,377362.6999999453,3,20,64125.0
E,21200604,382090.53158332186,5,20,65095.6687975421
E,21200605,382457.47719440283,4,20,65009.8895991807
E,21200606,387919.19999994116,7,20,65809.0
E,21200607,385188.33859717206,13,20,65409.444799590354
E,21200608,383487.51286568725,32,20,64988.81493319678
E,21200609,382010.28382093593,31,20,64715.419910929035
E,21200610,377354.99999994854,66,20,63748.0
E,21200611,386246.5279402738,67,20,64743.80663697635
E,21200612,386246.5279402738,109,20,64743.80663697635
E,21200613,399374.2999999369,129,20,65768.0
E,21200614,390622.4519601615,120,20,65085.204424650896
E,21200501,55299.49999998661,0,21,46191.0
E,21200502,55299.49999998661,0,21,46191.0
E,21200503,55299.49999998661,0,21,46191.0
E,21200504,55848.87999998634,0,21,46726.0
E,21200505,55848.879999986326,0,21,46726.0
E,21200506,55299.49999998661,0,21,46191.0
E,21200507,56398.25999998606,0,21,47261.0
E,21200508,56581.38666665263,0,21,47439.33333333334
E,21200509,58046.39999998522,0,21,48866.0
E,21200510,57313.89333331893,0,21,48152.66666666667
E,21200511,55659.897777763865,0,21,47967.8888888889
E,21200512,54864.3970370234,0,21,47668.51851851852
E,21200513,51619.399999987414,0,21,46885.0
E,21200514,54878.765678998636,0,21,47604.17283950617
E,21200515,54883.55522632371,0,21,47582.72427983539
E,21200516,58152.499999985084,0,21,48259.0
E,21200517,56518.0276131544,0,21,47920.862139917685
E,21200518,54970.00920437564,0,21,47616.95404663923
E,21200519,53909.1789391725,0,21,47402.938728852314
E,21200520,50239.49999998744,0,21,46671.0
E,21200521,53817.426313048636,0,21,47282.9795762841
E,21200522,53786.8421043407,0,21,47242.9931920947
E,21200523,57303.599999986014,0,21,47775.0
E,21200524,55545.221052163346,0,21,47508.99659604736
E,21200525,54965.70701737874,0,21,47282.33219868245
E,21200526,54186.409356509655,0,21,47118.109598243274
E,21200527,52048.299999986855,2,21,46563.0
E,21200528,54177.33645216058,0,21,47256.03653274776
E,21200529,54174.312150710895,0,21,47302.01217758259
E,21200530,56297.299999985225,0,21,48087.0
E,21200531,55235.80607534807,0,21,47694.5060887913
E,21200601,53556.835358440265,3,21,47083.83536293043
E,21200602,52643.347144591935,3,21,46749.44715057391
E,21200603,49137.39999998748,0,21,45470.0
E,21200604,52360.749048188845,5,21,46408.482383524635
E,21200605,52266.549682721154,11,21,46294.82746117489
E,21200606,55301.499999987136,9,21,47006.0
E,21200607,53784.02484135414,6,21,46650.413730587454
E,21200608,52881.30828044328,7,21,46216.13791019582
E,21200609,52074.57770726199,13,21,45952.85054692775
E,21200610,49558.399999988564,5,21,44992.0
E,21200611,52433.092569079134,13,21,46121.28351564258
E,21200612,52433.092569079134,15,21,46121.28351564258
E,21200613,55666.299999986826,17,21,47419.0
E,21200614,53510.82837938169,8,21,46553.855677095045
E,21200501,23296.29999999963,0,22,7600.0
E,21200502,23296.29999999963,0,22,7600.0
E,21200503,23296.29999999963,0,22,7600.0
E,21200504,22913.059999999638,0,22,7616.0
E,21200505,22913.059999999638,0,22,7616.0
E,21200506,23296.29999999963,0,22,7600.0
E,21200507,22529.819999999647,0,22,7632.0
E,21200508,22402.073333332984,0,22,7637.333333333332
E,21200509,21380.099999999675,0,22,7680.0
E,21200510,21891.086666666328,0,22,7658.666666666666
E,21200511,22067.995555555186,0,22,7652.222222222222
E,21200512,22297.29407407368,0,22,7642.962962962963
E,21200513,22932.79999999955,0,22,7618.0
E,21200514,22928.164691357608,0,22,7606.320987654322
E,21200515,23138.45489711892,0,22,7594.106995884774
E,21200516,23554.399999999605,0,22,7558.0
E,21200517,23346.427448559258,0,22,7576.0534979423865
E,21200518,23166.342482852822,0,22,7630.6844993141285
E,21200519,23036.989977137233,0,22,7654.91266575217
E,21200520,22598.199999999608,0,22,7758.0
E,21200521,23042.463325712157,0,22,7635.6375552507225
E,21200522,23044.287775237128,0,22,7629.212518416908
E,21200523,23492.199999999637,0,22,7494.0
E,21200524,23268.243887618384,0,22,7561.6062592084545
E,21200525,23406.447962539234,0,22,7564.868753069485
E,21200526,23377.863950052437,0,22,7588.491670759314
E,21200527,23458.89999999968,0,22,7639.0
E,21200528,23268.05465001729,0,22,7621.497223586438
E,21200529,23231.451550005586,0,22,7632.499074528812
E,21200530,22967.399999999765,0,22,7637.0
E,21200531,23099.425775002677,0,22,7634.749537264405
E,21200601,22934.441925000723,0,22,7624.583179088135
E,21200602,22923.455900001045,0,22,7620.44423878418
E,21200603,22736.49999999974,2,22,7602.0
E,21200604,22590.551966666866,0,22,7624.814746261392
E,21200605,22479.583988888804,1,22,7626.271582087132
E,21200606,22111.699999999808,1,22,7652.0
E,21200607,22295.6419944443,6,22,7639.1357910435645
E,21200608,22400.547331481273,0,22,7600.045263681189
E,21200609,22496.829775308433,6,22,7582.727018241584
E,21200610,22794.299999999712,2,22,7509.0
E,21200611,22538.543258435966,10,22,7577.575672747194
E,21200612,22538.543258435966,15,22,7577.575672747194
E,21200613,22324.499999999767,8,22,7641.0
E,21200614,22467.195505623902,18,22,7598.717115164797
E,21200501,27151.19999999908,0,23,12030.0
E,21200502,27151.19999999908,0,23,12030.0
E,21200503,27151.19999999908,0,23,12030.0
E,21200504,27295.259999999093,0,23,12059.6
E,21200505,27295.259999999093,0,23,12059.6
E,21200506,27151.19999999908,0,23,12030.0
E,21200507,27439.31999999909,0,23,12089.2
E,21200508,27487.33999999909,0,23,12099.066666666666
E,21200509,27871.499999999112,0,23,12178.0
E,21200510,27679.419999999103,0,23,12138.533333333333
E,21200511,27432.539999999157,0,23,12074.177777777775
E,21200512,27286.21999999917,0,23,12039.570370370371
E,21200513,26746.699999999248,0,23,11906.0
E,21200514,27263.00666666583,0,23,11944.19012345679
E,21200515,27255.26888888805,0,23,11912.39670781893
E,21200516,27756.09999999908,0,23,11887.0
E,21200517,27505.68444444357,0,23,11899.698353909464
E,21200518,26974.961481480626,0,23,11890.566117969822
E,21200519,26714.5819753078,0,23,11891.754823959764
E,21200520,25663.099999999213,0,23,11885.0
E,21200521,26489.36065843538,0,23,11885.918274653252
E,21200522,26414.28688614457,0,23,11883.972758217751
E,21200523,27090.39999999912,0,23,11881.0
E,21200524,26752.343443071844,0,23,11882.486379108877
E,21200525,27050.281147690053,0,23,11901.495459702957
E,21200526,27036.908196920365,0,23,11908.327279603944
E,21200527,27308.09999999919,0,23,11941.0
E,21200528,27119.26939897285,1,23,11974.442426534648
E,21200529,27146.723132990348,0,23,11996.480808844883
E,21200530,27012.799999999,0,23,12074.0
E,21200531,27079.761566494668,0,23,12035.240404422442
E,21200601,26662.520522164326,0,23,11964.413468140812
E,21200602,26545.760696219437,0,23,11927.88462418775
E,21200603,25894.9999999993,14,23,11784.0
E,21200604,26702.42023207256,12,23,11945.628208062582
E,21200605,26754.640077356933,9,23,11951.54273602086
E,21200606,27666.499999998927,3,23,12125.0
E,21200607,27210.570038677928,4,23,12038.271368010432
E,21200608,26924.190012892002,11,23,11986.423789336812
E,21200609,26676.753350523024,13,23,11940.231719115747
E,21200610,25895.49999999914,15,23,11796.0
E,21200611,26919.48445017371,12,23,11947.07723970525
E,21200612,26919.48445017371,24,23,11947.07723970525
E,21200613,28186.19999999896,26,23,12105.0
E,21200614,27341.72296678213,39,23,11999.7181598035
E,21200501,24093.499999999876,0,24,3412.0
E,21200502,24093.499999999876,0,24,3412.0
E,21200503,24093.499999999876,0,24,3412.0
E,21200504,23859.299999999894,0,24,3440.8
E,21200505,23859.299999999886,0,24,3440.8
E,21200506,24093.499999999876,0,24,3412.0
E,21200507,23625.099999999904,0,24,3469.6
E,21200508,23547.033333333242,0,24,3479.2000000000007
E,21200509,22922.499999999945,0,24,3556.0
E,21200510,23234.766666666597,0,24,3517.600000000001
E,21200511,22906.322222222137,0,24,3545.2000000000007
E,21200512,22900.92962962954,0,24,3541.600000000001
E,21200513,22561.69999999989,0,24,3562.0
E,21200514,22871.57654320978,0,24,3538.2000000000007
E,21200515,22861.792181069857,0,24,3537.066666666667
E,21200516,23152.099999999908,0,24,3511.0
E,21200517,23006.94609053488,0,24,3524.0333333333338
E,21200518,22634.248696844894,0,24,3538.011111111111
E,21200519,22461.631595793224,0,24,3547.0148148148146
E,21200520,21743.6999999999,0,24,3579.0
E,21200521,22391.243865264325,0,24,3532.3382716049377
E,21200522,22367.781288421367,0,24,3527.4460905349792
E,21200523,22968.39999999988,0,24,3471.0
E,21200524,22668.090644210624,0,24,3499.223045267489
E,21200525,22986.596881403457,0,24,3510.0743484224963
E,21200526,22992.66250853799,0,24,3523.0991312299952
E,21200527,23323.299999999883,0,24,3560.0
E,21200528,23185.287502845917,0,24,3539.3663770766652
E,21200529,23249.495834281894,0,24,3544.7887923588887
E,21200530,23239.899999999896,0,24,3535.0
E,21200531,23244.6979171409,0,24,3539.894396179444
E,21200601,22945.03263904691,0,24,3516.631465393148
E,21200602,22846.743518729243,3,24,3510.508620524197
E,21200603,22350.499999999924,15,24,3475.0
E,21200604,22823.981172909662,1,24,3491.836206841399
E,21200605,22816.393724303136,5,24,3485.612068947133
E,21200606,23274.69999999982,7,24,3490.0
E,21200607,23045.54686215148,16,24,3487.806034473567
E,21200608,22982.348954050376,5,24,3459.935344824523
E,21200609,22884.89860540056,8,24,3449.9137930993634
E,21200610,22626.79999999984,20,24,3402.0
E,21200611,23032.532868466777,12,24,3440.971264366455
E,21200612,23032.532868466777,18,24,3440.971264366455
E,21200613,23585.899999999925,32,24,3471.0
E,21200614,23216.98857897783,41,24,3450.9808429109703
E,21200501,35186.19999999441,0,25,21852.5
E,21200502,35186.19999999441,0,25,21852.5
E,21200503,35186.19999999441,0,25,21852.5
E,21200504,35251.61999999424,0,25,22111.2
E,21200505,35251.61999999423,0,25,22111.2
E,21200506,35186.19999999441,0,25,21852.5
E,21200507,35317.03999999408,0,25,22369.899999999998
E,21200508,35338.84666666069,0,25,22456.13333333334
E,21200509,35513.29999999359,0,25,23146.0
E,21200510,35426.07333332714,0,25,22801.06666666667
E,21200511,34562.95777777183,0,25,22616.022222222222
E,21200512,34246.177037031244,0,25,22439.362962962965
E,21200513,32749.499999994754,0,25,21901.0
E,21200514,34102.77567900661,0,25,22195.454320987657
E,21200515,34054.97522633174,0,25,22114.151440329217
E,21200516,35312.64999999384,0,25,22246.0
E,21200517,34683.81261316278,0,25,22180.075720164612
E,21200518,33867.88753771713,0,25,22054.52524005487
E,21200519,33386.30005029157,0,25,21990.700320073163
E,21200520,31607.199999994773,0,25,21737.5
E,21200521,33138.35001676006,0,25,21995.900106691053
E,21200522,33055.70000558289,0,25,21997.63336889702
E,21200523,34421.549999993855,0,25,22259.5
E,21200524,33738.62500278838,0,25,22128.566684448513
E,21200525,33872.85833425892,0,25,22031.35556148284
E,21200526,33689.96111234728,0,25,21955.307415310446
E,21200527,33458.399999994544,0,25,21706.0
E,21200528,33939.670370778666,0,25,21936.10247177015
E,21200529,34022.90679025579,0,25,21929.700823923384
E,21200530,34670.649999994166,0,25,22147.0
E,21200531,34346.77839512498,2,25,22038.35041196169
E,21200601,33472.50946503807,4,25,21789.283470653892
E,21200602,33073.12928671937,0,25,21670.04462753853
E,21200603,31400.099999995065,13,25,21182.5
E,21200604,32891.95976223622,11,25,21544.681542512844
E,21200605,32831.56992074184,16,25,21502.89384750428
E,21200606,34202.649999994224,17,25,21781.5
E,21200607,33517.109960368034,21,25,21642.196923752137
E,21200608,33069.469986785865,12,25,21548.23230791738
E,21200609,32691.743315716412,25,25,21470.476410556505
E,21200610,31488.649999995338,29,25,21221.0
E,21200611,32984.797771901845,28,25,21694.3254701855
E,21200612,32984.797771901845,43,25,21694.3254701855
E,21200613,34773.99999999378,81,25,22391.5
E,21200614,33581.19851459916,95,25,21926.716980123667
E,21200501,20236.2,0,26,9232.0
E,21200502,20236.2,0,26,9232.0
E,21200503,20236.2,0,26,9232.0
E,21200504,20694.199999999906,0,26,9292.8
E,21200505,20694.1999999999,0,26,9292.8
E,21200506,20236.2,0,26,9232.0
E,21200507,21152.1999999998,0,26,9353.6
E,21200508,21304.86666666644,0,26,9373.866666666667
E,21200509,22526.199999999502,0,26,9536.0
E,21200510,21915.53333333297,0,26,9454.933333333334
E,21200511,22067.911111110752,0,26,9422.977777777778
E,21200512,21915.148148147833,0,26,9385.303703703703
E,21200513,21761.999999999774,0,26,9278.0
E,21200514,22167.582716049063,0,26,9363.767901234567
E,21200515,22251.72757201614,0,26,9356.589300411522
E,21200516,22825.59999999958,0,26,9428.0
E,21200517,22538.663786007866,0,26,9392.294650205758
E,21200518,22165.254595335777,0,26,9360.76488340192
E,21200519,21945.139460447845,0,26,9338.353177869229
E,21200520,21131.49999999989,0,26,9262.0
E,21200521,21836.546486815783,0,26,9337.451059289742
E,21200522,21800.34882893843,0,26,9337.15035309658
E,21200523,22432.999999999614,0,26,9412.0
E,21200524,22116.674414469024,0,26,9374.575176548291
E,21200525,22185.658138156083,0,26,9342.52505884943
E,21200526,22103.210850874908,0,26,9319.366745132573
E,21200527,22007.299999999614,0,26,9241.0
E,21200528,21905.570283624704,0,26,9323.455581710858
E,21200529,21839.690094541304,0,26,9324.818527236952
E,21200530,21606.199999999586,1,26,9410.0
E,21200531,21722.945047270445,2,26,9367.409263618476
E,21200601,21370.115015756637,0,26,9301.469754539492
E,21200602,21291.420021008988,9,26,9265.293006052656
E,21200603,20781.19999999988,7,26,9127.0
E,21200604,21244.40667366951,2,26,9246.09766868422
E,21200605,21228.735557889686,7,26,9239.699222894742
E,21200606,21660.599999999664,1,26,9346.0
E,21200607,21444.66777894468,10,26,9292.849611447371
E,21200608,21085.889259648182,9,26,9237.28320381579
E,21200609,20894.319012864362,7,26,9201.044271754388
E,21200610,20152.40000000022,5,26,9073.0
E,21200611,20900.106337621368,9,26,9233.681423918128
E,21200612,20900.106337621368,5,26,9233.681423918128
E,21200613,21653.599999999537,14,26,9427.0
E,21200614,21151.27089174743,12,26,9298.120949278753
E,21200501,58884.89999999365,0,27,23399.0
E,21200502,58884.89999999365,0,27,23399.0
E,21200503,58884.89999999365,0,27,23399.0
E,21200504,59852.219999993635,0,27,23578.6
E,21200505,59852.21999999365,0,27,23578.6
E,21200506,58884.89999999365,0,27,23399.0
E,21200507,60819.53999999362,0,27,23758.2
E,21200508,61141.979999993615,0,27,23818.066666666666
E,21200509,63721.499999993575,0,27,24297.0
E,21200510,62431.73999999358,0,27,24057.53333333333
E,21200511,61900.41333332696,0,27,23841.177777777775
E,21200512,61293.384444438074,0,27,23689.237037037037
E,21200513,59547.999999993684,0,27,23169.0
E,21200514,61624.628148141914,0,27,23591.745679012343
E,21200515,61735.04271604319,0,27,23559.24855967078
E,21200516,64032.499999993976,0,27,23917.0
E,21200517,62883.771358018574,0,27,23738.124279835392
E,21200518,61730.52378600204,0,27,23671.37475994513
E,21200519,60963.19838133808,0,27,23589.49967992684
E,21200520,58275.29999999359,0,27,23359.0
E,21200521,61281.96612710832,0,27,23572.16655997561
E,21200522,61388.22204236508,0,27,23566.388853325207
E,21200523,64607.39999999332,0,27,23768.0
E,21200524,62997.8110211792,0,27,23667.194426662598
E,21200525,62540.5370070555,0,27,23555.064808887535
E,21200526,61851.58267607622,0,27,23484.08641185005
E,21200527,60016.39999999396,0,27,23230.0
E,21200528,60777.66089202121,0,27,23553.028803950016
E,21200529,60419.68696400288,0,27,23576.009601316673
E,21200530,60464.99999999344,0,27,23945.0
E,21200531,60442.34348199816,1,27,23760.50480065834
E,21200601,59300.847827328515,0,27,23515.50160021945
E,21200602,58912.797103106874,0,27,23372.335466959263
E,21200603,56995.199999993936,1,27,22841.0
E,21200604,59129.66570103151,0,27,23291.445155653088
E,21200605,59201.95523367305,2,27,23264.48171855103
E,21200606,61480.99999999371,2,27,23661.0
E,21200607,60341.47761683338,0,27,23462.740859275516
E,21200608,59502.65920560713,0,27,23237.246953091835
E,21200609,58843.212274144935,2,27,23095.995937455787
E,21200610,56685.499999994296,14,27,22588.0
E,21200611,59038.070758044276,6,27,23063.998645818592
E,21200612,59038.070758044276,8,27,23063.998645818592
E,21200613,61585.49999999361,5,27,23508.0
E,21200614,59887.213838694064,8,27,23211.999097212392
E,21200501,27632.199999996978,0,28,27870.0
E,21200502,27632.199999996978,0,28,27870.0
E,21200503,27632.199999996974,0,28,27870.0
E,21200504,28312.639999996776,0,28,28231.2
E,21200505,28312.639999996783,0,28,28231.2
E,21200506,27632.199999996978,0,28,27870.0
E,21200507,28993.079999996582,0,28,28592.4
E,21200508,29219.89333332985,0,28,28712.8
E,21200509,31034.399999995985,0,28,29676.0
E,21200510,30127.14666666292,0,28,29194.4
E,21200511,29108.582222218727,0,28,28815.466666666664
E,21200512,28466.642962959635,0,28,28528.62222222222
E,21200513,26164.19999999726,0,28,27576.0
E,21200514,28602.880987650864,0,28,28379.874074074083
E,21200515,28648.29366254793,0,28,28330.291358024693
E,21200516,31177.799999995685,0,28,29035.0
E,21200517,29913.046831271808,0,28,28682.64567901235
E,21200518,28968.948943754847,0,28,28392.548559670788
E,21200519,28232.66525834123,0,28,28178.398079561044
E,21200520,25815.999999997042,0,28,27460.0
E,21200521,27859.08841944479,0,28,28067.132693187014
E,21200522,27734.562806479316,0,28,28030.044231062333
E,21200523,29528.599999996102,0,28,28563.0
E,21200524,28631.581403237717,0,28,28296.522115531166
E,21200525,28471.893801076974,0,28,28327.174038510384
E,21200526,28119.658401437264,0,28,28248.565384680518
E,21200527,27255.499999997108,0,28,28122.0
E,21200528,28448.55280047686,0,28,28405.855128226834
E,21200529,28558.1842668234,0,28,28458.28504274228
E,21200530,29970.49999999622,0,28,28847.0
E,21200531,29264.342133409813,1,28,28652.642521371137
E,21200601,28149.61404446783,0,28,28299.214173790377
E,21200602,27542.652059291704,6,28,28116.618898387173
E,21200603,25213.999999997464,7,28,27398.0
E,21200604,27105.38401976184,12,28,27990.539632795724
E,21200605,26959.62800658521,11,28,27948.51321093191
E,21200606,28559.499999996337,6,28,28457.0
E,21200607,27759.564003290776,18,28,28202.75660546596
E,21200608,27006.75466776153,11,28,28012.58553515532
E,21200609,26489.172890349928,13,28,27864.44738020709
E,21200610,24701.199999997472,23,28,27378.0
E,21200611,26437.15763011466,41,28,27822.81579340236
E,21200612,26437.157630114663,19,28,27822.81579340236
E,21200613,28121.099999996597,42,28,28226.0
E,21200614,26998.471753408638,43,28,27957.210528934906
E,21200501,51597.29999999225,0,29,33001.0
E,21200502,51597.29999999225,0,29,33001.0
E,21200503,51597.29999999225,0,29,33001.0
E,21200504,52461.959999991974,0,29,33408.0
E,21200505,52461.959999991974,0,29,33408.0
E,21200506,51597.29999999225,0,29,33001.0
E,21200507,53326.61999999168,0,29,33815.0
E,21200508,53614.83999999159,0,29,33950.666666666664
E,21200509,55920.59999999084,0,29,35036.0
E,21200510,54767.71999999121,0,29,34493.33333333333
E,21200511,54467.7066666579,0,29,34311.444444444445
E,21200512,53983.40888888025,0,29,34069.925925925934
E,21200513,52714.79999999163,0,29,33405.0
E,21200514,54295.736296287854,0,29,33901.641975308645
E,21200515,54399.84543209037,0,29,33845.54732510288
E,21200516,56188.99999999164,0,29,34230.0
E,21200517,55294.422716041016,0,29,34037.77366255144
E,21200518,54213.64090534157,0,29,33872.92455418381
E,21200519,53555.187873791554,0,29,33753.89940557841
E,21200520,51157.49999999205,0,29,33351.0
E,21200521,53042.56262459173,0,29,33814.633135192795
E,21200522,52871.687541525134,0,29,33834.87771173093
E,21200523,54414.99999999161,0,29,34339.0
E,21200524,53643.34377075837,0,29,34086.93885586546
E,21200525,53749.747923580704,0,29,33855.31295195515
E,21200526,53527.99723144373,0,29,33694.0839359402
E,21200527,53190.89999999209,0,29,33140.0
E,21200528,53629.832410475596,0,29,33768.361311980065
E,21200529,53663.77747015289,0,29,33793.12043732669
E,21200530,54170.599999990976,0,29,34471.0
E,21200531,53917.18873507193,0,29,34132.06021866335
E,21200601,52728.09624501847,0,29,33790.68673955445
E,21200602,52247.26166002763,0,29,33563.91565273926
E,21200603,50096.4999999925,1,29,32769.0
E,21200604,51734.88722000396,0,29,33287.305217579764
E,21200605,51564.09573999607,6,29,33195.101739193255
E,21200606,52860.89999999173,2,29,33529.0
E,21200607,52212.497869993895,5,29,33362.05086959663
E,21200608,51671.69928999271,0,29,33087.350289865535
E,21200609,51275.299053326366,6,29,32940.133719820726
E,21200610,49941.69999999251,8,29,32371.0
E,21200611,51623.633017770495,4,29,32844.37790660691
E,21200612,51623.633017770495,2,29,32844.37790660691
E,21200613,53653.899999992616,15,29,33222.0
E,21200614,52300.388678511204,6,29,32970.25193773794
E,21200501,54559.499999994645,0,30,22936.0
E,21200502,54559.499999994645,0,30,22936.0
E,21200503,54559.499999994645,0,30,22936.0
E,21200504,54981.519999994714,0,30,22966.0
E,21200505,54981.519999994714,0,30,22966.0
E,21200506,54559.499999994645,0,30,22936.0
E,21200507,55403.539999994806,0,30,22996.0
E,21200508,55544.21333332817,0,30,23006.0
E,21200509,56669.599999995036,0,30,23086.0
E,21200510,56106.9066666616,0,30,23046.0
E,21200511,55542.068888883776,0,30,22828.33333333333
E,21200512,55166.22518518002,0,30,22742.444444444438
E,21200513,53849.699999994686,0,30,22353.0
E,21200514,55362.24172838972,0,30,22625.81481481481
E,21200515,55427.5805761263,0,30,22586.93827160494
E,21200516,57070.799999994495,0,30,22782.0
E,21200517,56249.1902880604,0,30,22684.469135802472
E,21200518,55315.86342934983,0,30,22611.48971193416
E,21200519,54730.88457246827,0,30,22554.65294924554
E,21200520,52627.59999999461,0,30,22368.0
E,21200521,54860.128190819065,0,30,22635.550983081852
E,21200522,54903.209396935985,0,30,22662.516994360616
E,21200523,57221.8999999943,0,30,22984.0
E,21200524,56062.554698465145,0,30,22823.258497180308
E,21200525,56224.118232818095,0,30,22692.086165726767
E,21200526,55891.52431042604,0,30,22594.781554302357
E,21200527,55387.89999999485,0,30,22269.0
E,21200528,55585.008103471766,0,30,22519.59385143412
E,21200529,55482.83603448702,0,30,22494.53128381137
E,21200530,55475.59999999443,0,30,22695.0
E,21200531,55479.218017240724,0,30,22594.765641905688
E,21200601,54764.27267241001,0,30,22413.588547301893
E,21200602,54527.163563215196,8,30,22319.784729735864
E,21200603,53337.999999994856,3,30,21951.0
E,21200604,54327.38785440176,4,30,22200.594909911957
E,21200605,54260.79595146394,2,30,22160.864969970655
E,21200606,55116.99999999521,11,30,22331.0
E,21200607,54688.89797572958,12,30,22245.932484985333
E,21200608,54148.365991906576,11,30,22180.644161661778
E,21200609,53825.48798921037,11,30,22130.525548882368
E,21200610,52639.19999999493,25,30,21965.0
E,21200611,54741.52932973326,12,30,22258.508516294125
E,21200612,54741.52932973327,17,30,22258.508516294125
E,21200613,57759.89999999451,43,30,22680.0
E,21200614,55747.65288648702,41,30,22399.005677529414
E,21200501,68332.99999999533,0,31,17802.0
E,21200502,68332.99999999533,0,31,17802.0
E,21200503,68332.99999999533,0,31,17802.0
E,21200504,67916.41999999512,0,31,18067.6
E,21200505,67916.4199999951,0,31,18067.6
E,21200506,68332.99999999533,0,31,17802.0
E,21200507,67499.83999999487,0,31,18333.2
E,21200508,67360.97999999479,0,31,18421.733333333334
E,21200509,66250.09999999419,0,31,19130.0
E,21200510,66805.53999999448,0,31,18775.86666666667
E,21200511,66101.37999999423,0,31,18594.95555555556
E,21200512,66051.80666666091,0,31,18416.60740740741
E,21200513,65248.49999999403,0,31,17879.0
E,21200514,66339.56888888324,0,31,18276.20246913581
E,21200515,66435.48962962402,0,31,18229.400823045267
E,21200516,67718.3999999948,0,31,18533.0
E,21200517,67076.94481480941,0,31,18381.20041152264
E,21200518,66017.28160493274,0,31,18391.06680384088
E,21200519,65450.24213991206,0,31,18343.755738454507
E,21200520,63256.499999994005,0,31,18259.0
E,21200521,65034.04737996679,0,31,18327.918579484838
E,21200522,64895.31579331836,0,31,18322.639526494942
E,21200523,66395.39999999428,0,31,18381.0
E,21200524,65645.35789665632,0,31,18351.81976324747
E,21200525,66389.35263221522,0,31,18184.273254415824
E,21200526,66387.33684295557,0,31,18118.697672554437
E,21200527,67127.29999999508,0,31,17820.0
E,21200528,65898.71228098172,0,31,18141.232557518146
E,21200529,65735.83742699045,0,31,18148.744185839383
E,21200530,64181.499999994514,0,31,18485.0
E,21200531,64958.66871349247,4,31,18316.872092919693
E,21200601,64703.88957116057,6,31,18159.957364306563
E,21200602,64878.019428215935,1,31,18051.609819075416
E,21200603,64971.49999999475,4,31,17678.0
E,21200604,65216.439809401825,5,31,17868.203273025138
E,21200605,65329.24660313046,14,31,17807.067757675046
E,21200606,65799.79999999481,11,31,17875.0
E,21200607,65564.52330156263,15,31,17841.033878837523
E,21200608,65292.507767184026,15,31,17696.01129294584
E,21200609,65123.4103562471,12,31,17636.348390594456
E,21200610,64513.19999999464,27,31,17372.0
E,21200611,65902.63678541215,37,31,17729.449463531488
E,21200612,65902.63678541215,19,31,17729.449463531488
E,21200613,68071.29999999469,34,31,18180.0
E,21200614,66625.52452360633,25,31,17879.63297568766
E,21200501,39592.49999999714,0,32,16998.0
E,21200502,39592.49999999714,0,32,16998.0
E,21200503,39592.49999999714,0,32,16998.0
E,21200504,39489.73999999708,0,32,17142.8
E,21200505,39489.73999999708,0,32,17142.8
E,21200506,39592.49999999714,0,32,16998.0
E,21200507,39386.97999999702,0,32,17287.600000000002
E,21200508,39352.726666663664,0,32,17335.86666666667
E,21200509,39078.69999999684,0,32,17722.0
E,21200510,39215.71333333025,0,32,17528.933333333334
E,21200511,39238.437777774816,0,32,17380.977777777778
E,21200512,39291.683703700815,0,32,17267.303703703703
E,21200513,39420.89999999738,0,32,16892.0
E,21200514,39539.39456789853,0,32,17235.1012345679
E,21200515,39621.96485596442,0,32,17224.367078189298
E,21200516,39905.599999997365,0,32,17546.0
E,21200517,39763.78242798089,0,32,17385.18353909465
E,21200518,39237.82747599188,0,32,17265.727846364884
E,21200519,39015.236634656714,0,32,17172.303795153177
E,21200520,38044.099999997365,0,32,16866.0
E,21200521,39296.545544883535,0,32,17198.101265051057
E,21200522,39390.31518162583,0,32,17206.700421683683
E,21200523,40830.299999996554,0,32,17556.0
E,21200524,40110.307590811186,0,32,17381.35021084184
E,21200525,40330.23586360156,0,32,17400.11673694728
E,21200526,40163.54781813656,0,32,17348.155649263037
E,21200527,40050.099999996935,0,32,17263.0
E,21200528,40159.94927271017,0,32,17295.385216421007
E,21200529,40158.74975756804,0,32,17277.795072140336
E,21200530,40266.19999999701,0,32,17275.0
E,21200531,40212.47487878252,2,32,17276.397536070166
E,21200601,39617.22495959237,1,32,17187.799178690057
E,21200602,39400.89994612416,7,32,17158.732238253408
E,21200603,38372.999999997584,4,32,17012.0
E,21200604,38747.59998203964,4,32,17123.910746084468
E,21200605,38529.8333273448,7,32,17112.30358202816
E,21200606,38468.89999999719,9,32,17201.0
E,21200607,38499.366663671004,12,32,17156.651791014076
E,21200608,38527.05555455513,26,32,17128.883930338026
E,21200609,38546.440739407786,5,32,17104.8452404507
E,21200610,38612.899999997215,21,32,17029.0
E,21200611,38857.18024646727,24,32,17205.948413483566
E,21200612,38857.18024646727,22,32,17205.948413483566
E,21200613,39412.199999996854,29,32,17484.0
E,21200614,39042.18683097713,29,32,17298.63227565571
E,21200501,110480.50000001665,0,33,42365.0
E,21200502,110480.50000001665,0,33,42365.0
E,21200503,110480.50000001665,0,33,42365.0
E,21200504,112369.72000001717,0,33,42776.6
E,21200505,112369.72000001717,0,33,42776.6
E,21200506,110480.50000001665,0,33,42365.0
E,21200507,114258.94000001765,0,33,43188.2
E,21200508,114888.68000001783,0,33,43325.4
E,21200509,119926.6000000192,0,33,44423.0
E,21200510,117407.64000001851,0,33,43874.2
E,21200511,117212.64666668534,0,33,43568.066666666666
E,21200512,116307.99555557402,0,33,43283.08888888889
E,21200513,114303.70000001825,0,33,42407.0
E,21200514,117337.23185187126,0,33,43271.696296296286
E,21200515,117680.31061730365,0,33,43267.898765432095
E,21200516,121400.00000002145,0,33,44125.0
E,21200517,119540.15530866256,0,33,43696.44938271605
E,21200518,117133.48510289977,0,33,43618.149794238685
E,21200519,115711.3134705259,0,33,43449.19972565158
E,21200520,110460.30000001537,0,33,43033.0
E,21200521,115620.5044901874,0,33,43499.399908550535
E,21200522,115590.23483007457,0,33,43516.133302850176
E,21200523,120689.90000002096,0,33,44016.0
E,21200524,118140.06741504776,0,33,43766.066651425084
E,21200525,118305.78913836283,0,33,43522.355550475026
E,21200526,117511.08551781012,0,33,43357.80740063338
E,21200527,116087.40000001974,0,33,42785.0
E,21200528,117044.36183928305,0,33,43239.935800211126
E,21200529,116888.787279774,0,33,43200.64526673704
E,21200530,117534.60000001927,0,33,43577.0
E,21200531,117211.69363989664,0,33,43388.82263336852
E,21200601,114834.76454664324,0,33,43049.607544456165
E,21200602,113934.81939551793,0,33,42873.810059274896
E,21200603,109758.00000001387,1,33,42183.0
E,21200604,112905.00646518335,0,33,42539.270019758296
E,21200605,112561.73548840516,3,33,42427.75667325276
E,21200606,115022.2000000182,1,33,42561.0
E,21200607,113791.96774421168,1,33,42494.37833662638
E,21200608,112857.75591474859,3,33,42287.126112208796
E,21200609,112136.27455299204,3,33,42195.834816278395
E,21200610,109759.10000001588,8,33,41806.0
E,21200611,113331.02485100864,4,33,42503.944938759465
E,21200612,113331.02485100864,3,33,42503.944938759465
E,21200613,118097.70000001795,7,33,43510.0
E,21200614,114919.91656734508,4,33,42839.29662583964
