D,0,21200501,0
D,0,21200502,0
D,0,21200503,0
D,0,21200504,0
D,0,21200505,0
D,0,21200506,0
D,0,21200507,0
D,0,21200508,0
D,0,21200509,0
D,0,21200510,0
D,0,21200511,0
D,0,21200512,0
D,0,21200513,0
D,0,21200514,0
D,0,21200515,0
D,0,21200516,0
D,0,21200517,0
D,0,21200518,0
D,0,21200519,0
D,0,21200520,0
D,0,21200521,0
D,0,21200522,0
D,0,21200523,0
D,0,21200524,0
D,0,21200525,0
D,0,21200526,0
D,0,21200527,0
D,0,21200528,0
D,0,21200529,0
D,0,21200530,0
D,0,21200531,7
D,0,21200601,3
D,0,21200602,2
D,0,21200603,21
D,0,21200604,19
D,0,21200605,37
D,0,21200606,65
D,0,21200607,59
D,0,21200608,60
D,0,21200609,94
D,0,21200610,131
D,0,21200611,154
D,0,21200612,205
D,0,21200613,313
D,0,21200614,363
D,1,21200501,0
D,1,21200502,0
D,1,21200503,0
D,1,21200504,0
D,1,21200505,0
D,1,21200506,0
D,1,21200507,0
D,1,21200508,0
D,1,21200509,0
D,1,21200510,0
D,1,21200511,0
D,1,21200512,0
D,1,21200513,0
D,1,21200514,0
D,1,21200515,0
D,1,21200516,0
D,1,21200517,0
D,1,21200518,0
D,1,21200519,0
D,1,21200520,0
D,1,21200521,0
D,1,21200522,0
D,1,21200523,0
D,1,21200524,0
D,1,21200525,0
D,1,21200526,0
D,1,21200527,0
D,1,21200528,1
D,1,21200529,1
D,1,21200530,3
D,1,21200531,0
D,1,21200601,1
D,1,21200602,3
D,1,21200603,10
D,1,21200604,21
D,1,21200605,27
D,1,21200606,42
D,1,21200607,78
D,1,21200608,67
D,1,21200609,114
D,1,21200610,145
D,1,21200611,203
D,1,21200612,247
D,1,21200613,320
D,1,21200614,294
D,2,21200501,0
D,2,21200502,0
D,2,21200503,0
D,2,21200504,0
D,2,21200505,0
D,2,21200506,0
D,2,21200507,0
D,2,21200508,0
D,2,21200509,0
D,2,21200510,0
D,2,21200511,0
D,2,21200512,0
D,2,21200513,0
D,2,21200514,0
D,2,21200515,0
D,2,21200516,0
D,2,21200517,0
D,2,21200518,0
D,2,21200519,0
D,2,21200520,0
D,2,21200521,0
D,2,21200522,0
D,2,21200523,0
D,2,21200524,0
D,2,21200525,0
D,2,21200526,0
D,2,21200527,0
D,2,21200528,0
D,2,21200529,0
D,2,21200530,1
D,2,21200531,5
D,2,21200601,0
D,2,21200602,1
D,2,21200603,8
D,2,21200604,13
D,2,21200605,25
D,2,21200606,11
D,2,21200607,22
D,2,21200608,20
D,2,21200609,39
D,2,21200610,29
D,2,21200611,43
D,2,21200612,57
D,2,21200613,93
D,2,21200614,93
D,3,21200501,0
D,3,21200502,0
D,3,21200503,0
D,3,21200504,0
D,3,21200505,0
D,3,21200506,0
D,3,21200507,0
D,3,21200508,0
D,3,21200509,0
D,3,21200510,0
D,3,21200511,0
D,3,21200512,0
D,3,21200513,0
D,3,21200514,0
D,3,21200515,0
D,3,21200516,0
D,3,21200517,0
D,3,21200518,0
D,3,21200519,0
D,3,21200520,0
D,3,21200521,0
D,3,21200522,0
D,3,21200523,0
D,3,21200524,0
D,3,21200525,0
D,3,21200526,0
D,3,21200527,0
D,3,21200528,0
D,3,21200529,0
D,3,21200530,0
D,3,21200531,0
D,3,21200601,0
D,3,21200602,1
D,3,21200603,1
D,3,21200604,17
D,3,21200605,10
D,3,21200606,14
D,3,21200607,11
D,3,21200608,8
D,3,21200609,9
D,3,21200610,20
D,3,21200611,29
D,3,21200612,42
D,3,21200613,37
D,3,21200614,56
D,4,21200501,0
D,4,21200502,0
D,4,21200503,0
D,4,21200504,0
D,4,21200505,0
D,4,21200506,0
D,4,21200507,0
D,4,21200508,0
D,4,21200509,0
D,4,21200510,0
D,4,21200511,0
D,4,21200512,0
D,4,21200513,0
D,4,21200514,0
D,4,21200515,0
D,4,21200516,0
D,4,21200517,0
D,4,21200518,0
D,4,21200519,0
D,4,21200520,0
D,4,21200521,0
D,4,21200522,0
D,4,21200523,0
D,4,21200524,0
D,4,21200525,0
D,4,21200526,0
D,4,21200527,0
D,4,21200528,0
D,4,21200529,0
D,4,21200530,0
D,4,21200531,0
D,4,21200601,0
D,4,21200602,2
D,4,21200603,0
D,4,21200604,0
D,4,21200605,0
D,4,21200606,4
D,4,21200607,3
D,4,21200608,3
D,4,21200609,5
D,4,21200610,2
D,4,21200611,4
D,4,21200612,6
D,4,21200613,9
D,4,21200614,9
D,5,21200501,0
D,5,21200502,0
D,5,21200503,0
D,5,21200504,0
D,5,21200505,0
D,5,21200506,0
D,5,21200507,0
D,5,21200508,0
D,5,21200509,0
D,5,21200510,0
D,5,21200511,0
D,5,21200512,0
D,5,21200513,0
D,5,21200514,0
D,5,21200515,0
D,5,21200516,0
D,5,21200517,0
D,5,21200518,0
D,5,21200519,0
D,5,21200520,0
D,5,21200521,0
D,5,21200522,0
D,5,21200523,0
D,5,21200524,0
D,5,21200525,0
D,5,21200526,0
D,5,21200527,0
D,5,21200528,0
D,5,21200529,0
D,5,21200530,0
D,5,21200531,0
D,5,21200601,0
D,5,21200602,0
D,5,21200603,1
D,5,21200604,0
D,5,21200605,2
D,5,21200606,3
D,5,21200607,7
D,5,21200608,10
D,5,21200609,15
D,5,21200610,17
D,5,21200611,21
D,5,21200612,28
D,5,21200613,33
D,5,21200614,64
D,6,21200501,0
D,6,21200502,0
D,6,21200503,0
D,6,21200504,0
D,6,21200505,0
D,6,21200506,0
D,6,21200507,0
D,6,21200508,0
D,6,21200509,0
D,6,21200510,0
D,6,21200511,0
D,6,21200512,0
D,6,21200513,0
D,6,21200514,0
D,6,21200515,0
D,6,21200516,0
D,6,21200517,0
D,6,21200518,0
D,6,21200519,0
D,6,21200520,0
D,6,21200521,0
D,6,21200522,0
D,6,21200523,0
D,6,21200524,0
D,6,21200525,0
D,6,21200526,0
D,6,21200527,0
D,6,21200528,0
D,6,21200529,0
D,6,21200530,0
D,6,21200531,0
D,6,21200601,0
D,6,21200602,1
D,6,21200603,3
D,6,21200604,5
D,6,21200605,2
D,6,21200606,5
D,6,21200607,7
D,6,21200608,10
D,6,21200609,23
D,6,21200610,4
D,6,21200611,13
D,6,21200612,12
D,6,21200613,6
D,6,21200614,14
D,7,21200501,0
D,7,21200502,0
D,7,21200503,0
D,7,21200504,0
D,7,21200505,0
D,7,21200506,0
D,7,21200507,0
D,7,21200508,0
D,7,21200509,0
D,7,21200510,0
D,7,21200511,0
D,7,21200512,0
D,7,21200513,0
D,7,21200514,0
D,7,21200515,0
D,7,21200516,0
D,7,21200517,0
D,7,21200518,0
D,7,21200519,0
D,7,21200520,0
D,7,21200521,0
D,7,21200522,0
D,7,21200523,0
D,7,21200524,0
D,7,21200525,0
D,7,21200526,0
D,7,21200527,0
D,7,21200528,0
D,7,21200529,0
D,7,21200530,0
D,7,21200531,0
D,7,21200601,0
D,7,21200602,5
D,7,21200603,0
D,7,21200604,4
D,7,21200605,3
D,7,21200606,6
D,7,21200607,4
D,7,21200608,1
D,7,21200609,18
D,7,21200610,19
D,7,21200611,14
D,7,21200612,9
D,7,21200613,14
D,7,21200614,23
D,8,21200501,0
D,8,21200502,0
D,8,21200503,0
D,8,21200504,0
D,8,21200505,0
D,8,21200506,0
D,8,21200507,0
D,8,21200508,0
D,8,21200509,0
D,8,21200510,0
D,8,21200511,0
D,8,21200512,0
D,8,21200513,0
D,8,21200514,0
D,8,21200515,0
D,8,21200516,0
D,8,21200517,0
D,8,21200518,0
D,8,21200519,0
D,8,21200520,0
D,8,21200521,0
D,8,21200522,0
D,8,21200523,0
D,8,21200524,0
D,8,21200525,0
D,8,21200526,0
D,8,21200527,0
D,8,21200528,0
D,8,21200529,0
D,8,21200530,0
D,8,21200531,8
D,8,21200601,2
D,8,21200602,3
D,8,21200603,14
D,8,21200604,32
D,8,21200605,30
D,8,21200606,27
D,8,21200607,50
D,8,21200608,105
D,8,21200609,140
D,8,21200610,150
D,8,21200611,204
D,8,21200612,265
D,8,21200613,278
D,8,21200614,443
D,9,21200501,0
D,9,21200502,0
D,9,21200503,0
D,9,21200504,0
D,9,21200505,0
D,9,21200506,0
D,9,21200507,0
D,9,21200508,0
D,9,21200509,0
D,9,21200510,0
D,9,21200511,0
D,9,21200512,0
D,9,21200513,0
D,9,21200514,0
D,9,21200515,0
D,9,21200516,0
D,9,21200517,0
D,9,21200518,0
D,9,21200519,0
D,9,21200520,0
D,9,21200521,0
D,9,21200522,0
D,9,21200523,0
D,9,21200524,0
D,9,21200525,0
D,9,21200526,0
D,9,21200527,0
D,9,21200528,0
D,9,21200529,0
D,9,21200530,0
D,9,21200531,1
D,9,21200601,3
D,9,21200602,3
D,9,21200603,11
D,9,21200604,5
D,9,21200605,7
D,9,21200606,13
D,9,21200607,18
D,9,21200608,19
D,9,21200609,21
D,9,21200610,30
D,9,21200611,11
D,9,21200612,42
D,9,21200613,47
D,9,21200614,36
D,10,21200501,0
D,10,21200502,0
D,10,21200503,0
D,10,21200504,0
D,10,21200505,0
D,10,21200506,0
D,10,21200507,0
D,10,21200508,0
D,10,21200509,0
D,10,21200510,0
D,10,21200511,0
D,10,21200512,0
D,10,21200513,0
D,10,21200514,0
D,10,21200515,0
D,10,21200516,0
D,10,21200517,0
D,10,21200518,0
D,10,21200519,0
D,10,21200520,0
D,10,21200521,0
D,10,21200522,0
D,10,21200523,0
D,10,21200524,0
D,10,21200525,0
D,10,21200526,0
D,10,21200527,0
D,10,21200528,0
D,10,21200529,0
D,10,21200530,0
D,10,21200531,0
D,10,21200601,2
D,10,21200602,1
D,10,21200603,0
D,10,21200604,5
D,10,21200605,8
D,10,21200606,6
D,10,21200607,19
D,10,21200608,28
D,10,21200609,29
D,10,21200610,52
D,10,21200611,47
D,10,21200612,58
D,10,21200613,60
D,10,21200614,98
D,11,21200501,0
D,11,21200502,0
D,11,21200503,0
D,11,21200504,0
D,11,21200505,0
D,11,21200506,0
D,11,21200507,0
D,11,21200508,0
D,11,21200509,0
D,11,21200510,0
D,11,21200511,0
D,11,21200512,0
D,11,21200513,0
D,11,21200514,0
D,11,21200515,0
D,11,21200516,0
D,11,21200517,0
D,11,21200518,0
D,11,21200519,0
D,11,21200520,5
D,11,21200521,0
D,11,21200522,1
D,11,21200523,1
D,11,21200524,7
D,11,21200525,23
D,11,21200526,21
D,11,21200527,24
D,11,21200528,48
D,11,21200529,87
D,11,21200530,138
D,11,21200531,208
D,11,21200601,218
D,11,21200602,467
D,11,21200603,613
D,11,21200604,650
D,11,21200605,356
D,11,21200606,412
D,11,21200607,631
D,11,21200608,967
D,11,21200609,1104
D,11,21200610,1307
D,11,21200611,1415
D,11,21200612,1958
D,11,21200613,2444
D,11,21200614,2666
D,12,21200501,0
D,12,21200502,0
D,12,21200503,0
D,12,21200504,0
D,12,21200505,0
D,12,21200506,0
D,12,21200507,0
D,12,21200508,0
D,12,21200509,0
D,12,21200510,0
D,12,21200511,0
D,12,21200512,0
D,12,21200513,0
D,12,21200514,0
D,12,21200515,0
D,12,21200516,0
D,12,21200517,0
D,12,21200518,0
D,12,21200519,0
D,12,21200520,0
D,12,21200521,0
D,12,21200522,0
D,12,21200523,0
D,12,21200524,0
D,12,21200525,1
D,12,21200526,3
D,12,21200527,1
D,12,21200528,4
D,12,21200529,0
D,12,21200530,23
D,12,21200531,8
D,12,21200601,42
D,12,21200602,70
D,12,21200603,48
D,12,21200604,81
D,12,21200605,90
D,12,21200606,102
D,12,21200607,141
D,12,21200608,246
D,12,21200609,233
D,12,21200610,272
D,12,21200611,375
D,12,21200612,570
D,12,21200613,689
D,12,21200614,792
D,13,21200501,0
D,13,21200502,0
D,13,21200503,0
D,13,21200504,0
D,13,21200505,0
D,13,21200506,0
D,13,21200507,0
D,13,21200508,0
D,13,21200509,0
D,13,21200510,0
D,13,21200511,0
D,13,21200512,0
D,13,21200513,0
D,13,21200514,0
D,13,21200515,0
D,13,21200516,0
D,13,21200517,0
D,13,21200518,0
D,13,21200519,0
D,13,21200520,0
D,13,21200521,0
D,13,21200522,0
D,13,21200523,0
D,13,21200524,0
D,13,21200525,1
D,13,21200526,48
D,13,21200527,18
D,13,21200528,65
D,13,21200529,222
D,13,21200530,363
D,13,21200531,557
D,13,21200601,908
D,13,21200602,1884
D,13,21200603,2620
D,13,21200604,1642
D,13,21200605,272
D,13,21200606,226
D,13,21200607,380
D,13,21200608,500
D,13,21200609,323
D,13,21200610,409
D,13,21200611,372
D,13,21200612,504
D,13,21200613,496
D,13,21200614,375
D,14,21200501,0
D,14,21200502,0
D,14,21200503,0
D,14,21200504,0
D,14,21200505,0
D,14,21200506,0
D,14,21200507,0
D,14,21200508,0
D,14,21200509,0
D,14,21200510,0
D,14,21200511,0
D,14,21200512,0
D,14,21200513,0
D,14,21200514,0
D,14,21200515,0
D,14,21200516,0
D,14,21200517,0
D,14,21200518,0
D,14,21200519,0
D,14,21200520,0
D,14,21200521,0
D,14,21200522,0
D,14,21200523,0
D,14,21200524,0
D,14,21200525,0
D,14,21200526,0
D,14,21200527,0
D,14,21200528,2
D,14,21200529,0
D,14,21200530,10
D,14,21200531,5
D,14,21200601,16
D,14,21200602,13
D,14,21200603,50
D,14,21200604,53
D,14,21200605,74
D,14,21200606,103
D,14,21200607,123
D,14,21200608,194
D,14,21200609,240
D,14,21200610,321
D,14,21200611,358
D,14,21200612,417
D,14,21200613,599
D,14,21200614,724
D,15,21200501,0
D,15,21200502,0
D,15,21200503,0
D,15,21200504,0
D,15,21200505,0
D,15,21200506,0
D,15,21200507,0
D,15,21200508,0
D,15,21200509,0
D,15,21200510,0
D,15,21200511,0
D,15,21200512,0
D,15,21200513,0
D,15,21200514,0
D,15,21200515,0
D,15,21200516,0
D,15,21200517,0
D,15,21200518,0
D,15,21200519,0
D,15,21200520,0
D,15,21200521,0
D,15,21200522,0
D,15,21200523,0
D,15,21200524,0
D,15,21200525,0
D,15,21200526,0
D,15,21200527,0
D,15,21200528,0
D,15,21200529,0
D,15,21200530,0
D,15,21200531,12
D,15,21200601,17
D,15,21200602,19
D,15,21200603,11
D,15,21200604,19
D,15,21200605,30
D,15,21200606,32
D,15,21200607,24
D,15,21200608,48
D,15,21200609,80
D,15,21200610,91
D,15,21200611,95
D,15,21200612,143
D,15,21200613,208
D,15,21200614,268
D,16,21200501,0
D,16,21200502,0
D,16,21200503,0
D,16,21200504,0
D,16,21200505,0
D,16,21200506,0
D,16,21200507,0
D,16,21200508,0
D,16,21200509,0
D,16,21200510,0
D,16,21200511,0
D,16,21200512,0
D,16,21200513,0
D,16,21200514,0
D,16,21200515,0
D,16,21200516,0
D,16,21200517,0
D,16,21200518,0
D,16,21200519,0
D,16,21200520,0
D,16,21200521,0
D,16,21200522,0
D,16,21200523,0
D,16,21200524,0
D,16,21200525,0
D,16,21200526,0
D,16,21200527,0
D,16,21200528,0
D,16,21200529,0
D,16,21200530,0
D,16,21200531,0
D,16,21200601,3
D,16,21200602,2
D,16,21200603,6
D,16,21200604,17
D,16,21200605,8
D,16,21200606,6
D,16,21200607,23
D,16,21200608,13
D,16,21200609,39
D,16,21200610,21
D,16,21200611,29
D,16,21200612,58
D,16,21200613,80
D,16,21200614,60
D,17,21200501,0
D,17,21200502,0
D,17,21200503,0
D,17,21200504,0
D,17,21200505,0
D,17,21200506,0
D,17,21200507,0
D,17,21200508,0
D,17,21200509,0
D,17,21200510,0
D,17,21200511,0
D,17,21200512,0
D,17,21200513,0
D,17,21200514,0
D,17,21200515,0
D,17,21200516,0
D,17,21200517,0
D,17,21200518,0
D,17,21200519,0
D,17,21200520,0
D,17,21200521,0
D,17,21200522,0
D,17,21200523,0
D,17,21200524,0
D,17,21200525,0
D,17,21200526,0
D,17,21200527,0
D,17,21200528,0
D,17,21200529,0
D,17,21200530,0
D,17,21200531,0
D,17,21200601,0
D,17,21200602,0
D,17,21200603,0
D,17,21200604,2
D,17,21200605,2
D,17,21200606,0
D,17,21200607,9
D,17,21200608,7
D,17,21200609,8
D,17,21200610,8
D,17,21200611,4
D,17,21200612,7
D,17,21200613,14
D,17,21200614,18
D,18,21200501,0
D,18,21200502,0
D,18,21200503,0
D,18,21200504,0
D,18,21200505,0
D,18,21200506,0
D,18,21200507,0
D,18,21200508,0
D,18,21200509,0
D,18,21200510,0
D,18,21200511,0
D,18,21200512,0
D,18,21200513,0
D,18,21200514,0
D,18,21200515,0
D,18,21200516,0
D,18,21200517,0
D,18,21200518,0
D,18,21200519,0
D,18,21200520,0
D,18,21200521,0
D,18,21200522,0
D,18,21200523,0
D,18,21200524,0
D,18,21200525,0
D,18,21200526,0
D,18,21200527,0
D,18,21200528,0
D,18,21200529,0
D,18,21200530,0
D,18,21200531,0
D,18,21200601,0
D,18,21200602,0
D,18,21200603,3
D,18,21200604,1
D,18,21200605,6
D,18,21200606,9
D,18,21200607,8
D,18,21200608,13
D,18,21200609,17
D,18,21200610,14
D,18,21200611,13
D,18,21200612,28
D,18,21200613,36
D,18,21200614,51
D,19,21200501,0
D,19,21200502,0
D,19,21200503,0
D,19,21200504,0
D,19,21200505,0
D,19,21200506,0
D,19,21200507,0
D,19,21200508,0
D,19,21200509,0
D,19,21200510,0
D,19,21200511,0
D,19,21200512,0
D,19,21200513,0
D,19,21200514,0
D,19,21200515,0
D,19,21200516,0
D,19,21200517,0
D,19,21200518,0
D,19,21200519,0
D,19,21200520,0
D,19,21200521,0
D,19,21200522,0
D,19,21200523,0
D,19,21200524,0
D,19,21200525,0
D,19,21200526,0
D,19,21200527,2
D,19,21200528,5
D,19,21200529,5
D,19,21200530,3
D,19,21200531,8
D,19,21200601,12
D,19,21200602,41
D,19,21200603,68
D,19,21200604,116
D,19,21200605,13
D,19,21200606,28
D,19,21200607,18
D,19,21200608,50
D,19,21200609,65
D,19,21200610,104
D,19,21200611,99
D,19,21200612,107
D,19,21200613,117
D,19,21200614,157
D,20,21200501,0
D,20,21200502,0
D,20,21200503,0
D,20,21200504,0
D,20,21200505,0
D,20,21200506,0
D,20,21200507,0
D,20,21200508,0
D,20,21200509,0
D,20,21200510,0
D,20,21200511,0
D,20,21200512,0
D,20,21200513,0
D,20,21200514,0
D,20,21200515,0
D,20,21200516,0
D,20,21200517,0
D,20,21200518,0
D,20,21200519,0
D,20,21200520,0
D,20,21200521,0
D,20,21200522,0
D,20,21200523,0
D,20,21200524,0
D,20,21200525,0
D,20,21200526,0
D,20,21200527,0
D,20,21200528,10
D,20,21200529,8
D,20,21200530,8
D,20,21200531,27
D,20,21200601,61
D,20,21200602,123
D,20,21200603,257
D,20,21200604,351
D,20,21200605,104
D,20,21200606,65
D,20,21200607,137
D,20,21200608,212
D,20,21200609,253
D,20,21200610,291
D,20,21200611,395
D,20,21200612,478
D,20,21200613,529
D,20,21200614,535
D,21,21200501,0
D,21,21200502,0
D,21,21200503,0
D,21,21200504,0
D,21,21200505,0
D,21,21200506,0
D,21,21200507,0
D,21,21200508,0
D,21,21200509,0
D,21,21200510,0
D,21,21200511,0
D,21,21200512,0
D,21,21200513,0
D,21,21200514,0
D,21,21200515,0
D,21,21200516,0
D,21,21200517,0
D,21,21200518,0
D,21,21200519,0
D,21,21200520,0
D,21,21200521,0
D,21,21200522,0
D,21,21200523,0
D,21,21200524,0
D,21,21200525,0
D,21,21200526,0
D,21,21200527,0
D,21,21200528,0
D,21,21200529,0
D,21,21200530,0
D,21,21200531,0
D,21,21200601,0
D,21,21200602,3
D,21,21200603,3
D,21,21200604,6
D,21,21200605,8
D,21,21200606,7
D,21,21200607,9
D,21,21200608,17
D,21,21200609,11
D,21,21200610,7
D,21,21200611,26
D,21,21200612,13
D,21,21200613,22
D,21,21200614,12
D,22,21200501,0
D,22,21200502,0
D,22,21200503,0
D,22,21200504,0
D,22,21200505,0
D,22,21200506,0
D,22,21200507,0
D,22,21200508,0
D,22,21200509,0
D,22,21200510,0
D,22,21200511,0
D,22,21200512,0
D,22,21200513,0
D,22,21200514,0
D,22,21200515,0
D,22,21200516,0
D,22,21200517,0
D,22,21200518,0
D,22,21200519,0
D,22,21200520,0
D,22,21200521,0
D,22,21200522,0
D,22,21200523,0
D,22,21200524,0
D,22,21200525,0
D,22,21200526,0
D,22,21200527,0
D,22,21200528,2
D,22,21200529,0
D,22,21200530,0
D,22,21200531,0
D,22,21200601,0
D,22,21200602,0
D,22,21200603,2
D,22,21200604,2
D,22,21200605,0
D,22,21200606,3
D,22,21200607,6
D,22,21200608,11
D,22,21200609,9
D,22,21200610,5
D,22,21200611,4
D,22,21200612,17
D,22,21200613,16
D,22,21200614,11
D,23,21200501,0
D,23,21200502,0
D,23,21200503,0
D,23,21200504,0
D,23,21200505,0
D,23,21200506,0
D,23,21200507,0
D,23,21200508,0
D,23,21200509,0
D,23,21200510,0
D,23,21200511,0
D,23,21200512,0
D,23,21200513,0
D,23,21200514,0
D,23,21200515,0
D,23,21200516,0
D,23,21200517,0
D,23,21200518,0
D,23,21200519,0
D,23,21200520,0
D,23,21200521,0
D,23,21200522,0
D,23,21200523,0
D,23,21200524,0
D,23,21200525,0
D,23,21200526,0
D,23,21200527,0
D,23,21200528,0
D,23,21200529,0
D,23,21200530,3
D,23,21200531,11
D,23,21200601,5
D,23,21200602,7
D,23,21200603,10
D,23,21200604,32
D,23,21200605,36
D,23,21200606,25
D,23,21200607,35
D,23,21200608,63
D,23,21200609,69
D,23,21200610,72
D,23,21200611,138
D,23,21200612,175
D,23,21200613,192
D,23,21200614,224
D,24,21200501,0
D,24,21200502,0
D,24,21200503,0
D,24,21200504,0
D,24,21200505,0
D,24,21200506,0
D,24,21200507,0
D,24,21200508,0
D,24,21200509,0
D,24,21200510,0
D,24,21200511,0
D,24,21200512,0
D,24,21200513,0
D,24,21200514,0
D,24,21200515,0
D,24,21200516,0
D,24,21200517,0
D,24,21200518,0
D,24,21200519,0
D,24,21200520,0
D,24,21200521,0
D,24,21200522,0
D,24,21200523,0
D,24,21200524,0
D,24,21200525,0
D,24,21200526,0
D,24,21200527,0
D,24,21200528,0
D,24,21200529,0
D,24,21200530,1
D,24,21200531,0
D,24,21200601,0
D,24,21200602,0
D,24,21200603,0
D,24,21200604,0
D,24,21200605,7
D,24,21200606,4
D,24,21200607,9
D,24,21200608,4
D,24,21200609,1
D,24,21200610,4
D,24,21200611,16
D,24,21200612,12
D,24,21200613,21
D,24,21200614,9
D,25,21200501,0
D,25,21200502,0
D,25,21200503,0
D,25,21200504,0
D,25,21200505,0
D,25,21200506,0
D,25,21200507,0
D,25,21200508,0
D,25,21200509,0
D,25,21200510,0
D,25,21200511,0
D,25,21200512,0
D,25,21200513,0
D,25,21200514,0
D,25,21200515,0
D,25,21200516,0
D,25,21200517,0
D,25,21200518,0
D,25,21200519,0
D,25,21200520,0
D,25,21200521,0
D,25,21200522,0
D,25,21200523,0
D,25,21200524,0
D,25,21200525,0
D,25,21200526,0
D,25,21200527,0
D,25,21200528,1
D,25,21200529,1
D,25,21200530,0
D,25,21200531,0
D,25,21200601,1
D,25,21200602,4
D,25,21200603,5
D,25,21200604,20
D,25,21200605,11
D,25,21200606,15
D,25,21200607,14
D,25,21200608,12
D,25,21200609,24
D,25,21200610,29
D,25,21200611,34
D,25,21200612,16
D,25,21200613,48
D,25,21200614,38
D,26,21200501,0
D,26,21200502,0
D,26,21200503,0
D,26,21200504,0
D,26,21200505,0
D,26,21200506,0
D,26,21200507,0
D,26,21200508,0
D,26,21200509,0
D,26,21200510,0
D,26,21200511,0
D,26,21200512,0
D,26,21200513,0
D,26,21200514,0
D,26,21200515,0
D,26,21200516,0
D,26,21200517,0
D,26,21200518,0
D,26,21200519,0
D,26,21200520,0
D,26,21200521,0
D,26,21200522,0
D,26,21200523,0
D,26,21200524,0
D,26,21200525,0
D,26,21200526,0
D,26,21200527,0
D,26,21200528,0
D,26,21200529,0
D,26,21200530,0
D,26,21200531,1
D,26,21200601,0
D,26,21200602,4
D,26,21200603,0
D,26,21200604,3
D,26,21200605,1
D,26,21200606,6
D,26,21200607,5
D,26,21200608,0
D,26,21200609,3
D,26,21200610,5
D,26,21200611,3
D,26,21200612,10
D,26,21200613,2
D,26,21200614,21
D,27,21200501,0
D,27,21200502,0
D,27,21200503,0
D,27,21200504,0
D,27,21200505,0
D,27,21200506,0
D,27,21200507,0
D,27,21200508,0
D,27,21200509,0
D,27,21200510,0
D,27,21200511,0
D,27,21200512,0
D,27,21200513,0
D,27,21200514,0
D,27,21200515,0
D,27,21200516,0
D,27,21200517,0
D,27,21200518,0
D,27,21200519,0
D,27,21200520,0
D,27,21200521,0
D,27,21200522,0
D,27,21200523,0
D,27,21200524,0
D,27,21200525,0
D,27,21200526,0
D,27,21200527,1
D,27,21200528,2
D,27,21200529,0
D,27,21200530,0
D,27,21200531,3
D,27,21200601,5
D,27,21200602,11
D,27,21200603,9
D,27,21200604,56
D,27,21200605,38
D,27,21200606,35
D,27,21200607,42
D,27,21200608,38
D,27,21200609,20
D,27,21200610,51
D,27,21200611,62
D,27,21200612,98
D,27,21200613,96
D,27,21200614,108
D,28,21200501,0
D,28,21200502,0
D,28,21200503,0
D,28,21200504,0
D,28,21200505,0
D,28,21200506,0
D,28,21200507,0
D,28,21200508,0
D,28,21200509,0
D,28,21200510,0
D,28,21200511,0
D,28,21200512,0
D,28,21200513,0
D,28,21200514,0
D,28,21200515,0
D,28,21200516,0
D,28,21200517,0
D,28,21200518,0
D,28,21200519,0
D,28,21200520,0
D,28,21200521,0
D,28,21200522,0
D,28,21200523,0
D,28,21200524,0
D,28,21200525,0
D,28,21200526,0
D,28,21200527,0
D,28,21200528,0
D,28,21200529,0
D,28,21200530,0
D,28,21200531,0
D,28,21200601,2
D,28,21200602,8
D,28,21200603,28
D,28,21200604,25
D,28,21200605,24
D,28,21200606,32
D,28,21200607,26
D,28,21200608,42
D,28,21200609,55
D,28,21200610,61
D,28,21200611,101
D,28,21200612,94
D,28,21200613,144
D,28,21200614,157
D,29,21200501,0
D,29,21200502,0
D,29,21200503,0
D,29,21200504,0
D,29,21200505,0
D,29,21200506,0
D,29,21200507,0
D,29,21200508,0
D,29,21200509,0
D,29,21200510,0
D,29,21200511,0
D,29,21200512,0
D,29,21200513,0
D,29,21200514,0
D,29,21200515,2
D,29,21200516,0
D,29,21200517,0
D,29,21200518,2
D,29,21200519,0
D,29,21200520,0
D,29,21200521,1
D,29,21200522,0
D,29,21200523,0
D,29,21200524,8
D,29,21200525,3
D,29,21200526,5
D,29,21200527,6
D,29,21200528,5
D,29,21200529,5
D,29,21200530,10
D,29,21200531,5
D,29,21200601,7
D,29,21200602,11
D,29,21200603,16
D,29,21200604,52
D,29,21200605,47
D,29,21200606,46
D,29,21200607,79
D,29,21200608,70
D,29,21200609,114
D,29,21200610,112
D,29,21200611,164
D,29,21200612,219
D,29,21200613,293
D,29,21200614,292
D,30,21200501,0
D,30,21200502,0
D,30,21200503,0
D,30,21200504,0
D,30,21200505,0
D,30,21200506,0
D,30,21200507,0
D,30,21200508,0
D,30,21200509,0
D,30,21200510,0
D,30,21200511,0
D,30,21200512,0
D,30,21200513,0
D,30,21200514,0
D,30,21200515,0
D,30,21200516,0
D,30,21200517,0
D,30,21200518,0
D,30,21200519,0
D,30,21200520,0
D,30,21200521,0
D,30,21200522,0
D,30,21200523,0
D,30,21200524,0
D,30,21200525,0
D,30,21200526,0
D,30,21200527,0
D,30,21200528,0
D,30,21200529,0
D,30,21200530,0
D,30,21200531,0
D,30,21200601,0
D,30,21200602,0
D,30,21200603,0
D,30,21200604,0
D,30,21200605,0
D,30,21200606,0
D,30,21200607,0
D,30,21200608,0
D,30,21200609,1
D,30,21200610,0
D,30,21200611,1
D,30,21200612,4
D,30,21200613,0
D,30,21200614,6
D,31,21200501,0
D,31,21200502,0
D,31,21200503,0
D,31,21200504,0
D,31,21200505,0
D,31,21200506,0
D,31,21200507,0
D,31,21200508,0
D,31,21200509,0
D,31,21200510,0
D,31,21200511,0
D,31,21200512,0
D,31,21200513,0
D,31,21200514,0
D,31,21200515,0
D,31,21200516,0
D,31,21200517,0
D,31,21200518,0
D,31,21200519,0
D,31,21200520,0
D,31,21200521,0
D,31,21200522,0
D,31,21200523,0
D,31,21200524,0
D,31,21200525,0
D,31,21200526,0
D,31,21200527,4
D,31,21200528,0
D,31,21200529,0
D,31,21200530,0
D,31,21200531,0
D,31,21200601,0
D,31,21200602,2
D,31,21200603,2
D,31,21200604,2
D,31,21200605,0
D,31,21200606,6
D,31,21200607,3
D,31,21200608,1
D,31,21200609,5
D,31,21200610,7
D,31,21200611,4
D,31,21200612,10
D,31,21200613,9
D,31,21200614,12
D,32,21200501,0
D,32,21200502,0
D,32,21200503,0
D,32,21200504,0
D,32,21200505,0
D,32,21200506,0
D,32,21200507,0
D,32,21200508,0
D,32,21200509,0
D,32,21200510,0
D,32,21200511,0
D,32,21200512,0
D,32,21200513,0
D,32,21200514,0
D,32,21200515,0
D,32,21200516,0
D,32,21200517,0
D,32,21200518,0
D,32,21200519,0
D,32,21200520,0
D,32,21200521,0
D,32,21200522,0
D,32,21200523,0
D,32,21200524,0
D,32,21200525,0
D,32,21200526,0
D,32,21200527,0
D,32,21200528,0
D,32,21200529,0
D,32,21200530,0
D,32,21200531,0
D,32,21200601,0
D,32,21200602,0
D,32,21200603,0
D,32,21200604,0
D,32,21200605,0
D,32,21200606,1
D,32,21200607,0
D,32,21200608,0
D,32,21200609,0
D,32,21200610,0
D,32,21200611,0
D,32,21200612,2
D,32,21200613,3
D,32,21200614,2
D,33,21200501,0
D,33,21200502,0
D,33,21200503,0
D,33,21200504,0
D,33,21200505,0
D,33,21200506,0
D,33,21200507,0
D,33,21200508,0
D,33,21200509,0
D,33,21200510,0
D,33,21200511,0
D,33,21200512,0
D,33,21200513,0
D,33,21200514,0
D,33,21200515,0
D,33,21200516,0
D,33,21200517,0
D,33,21200518,0
D,33,21200519,0
D,33,21200520,0
D,33,21200521,0
D,33,21200522,0
D,33,21200523,0
D,33,21200524,0
D,33,21200525,0
D,33,21200526,0
D,33,21200527,0
D,33,21200528,0
D,33,21200529,0
D,33,21200530,1
D,33,21200531,0
D,33,21200601,0
D,33,21200602,10
D,33,21200603,4
D,33,21200604,12
D,33,21200605,10
D,33,21200606,7
D,33,21200607,20
D,33,21200608,10
D,33,21200609,10
D,33,21200610,6
D,33,21200611,11
D,33,21200612,15
D,33,21200613,11
D,33,21200614,13
D,34,21200501,0
D,34,21200502,0
D,34,21200503,0
D,34,21200504,0
D,34,21200505,0
D,34,21200506,0
D,34,21200507,0
D,34,21200508,0
D,34,21200509,0
D,34,21200510,0
D,34,21200511,0
D,34,21200512,0
D,34,21200513,0
D,34,21200514,0
D,34,21200515,0
D,34,21200516,0
D,34,21200517,0
D,34,21200518,0
D,34,21200519,0
D,34,21200520,0
D,34,21200521,0
D,34,21200522,0
D,34,21200523,0
D,34,21200524,0
D,34,21200525,0
D,34,21200526,0
D,34,21200527,0
D,34,21200528,0
D,34,21200529,0
D,34,21200530,0
D,34,21200531,0
D,34,21200601,0
D,34,21200602,0
D,34,21200603,0
D,34,21200604,0
D,34,21200605,1
D,34,21200606,3
D,34,21200607,2
D,34,21200608,1
D,34,21200609,3
D,34,21200610,12
D,34,21200611,4
D,34,21200612,6
D,34,21200613,6
D,34,21200614,11
D,35,21200501,0
D,35,21200502,0
D,35,21200503,0
D,35,21200504,0
D,35,21200505,0
D,35,21200506,0
D,35,21200507,0
D,35,21200508,0
D,35,21200509,0
D,35,21200510,0
D,35,21200511,0
D,35,21200512,0
D,35,21200513,0
D,35,21200514,0
D,35,21200515,0
D,35,21200516,0
D,35,21200517,0
D,35,21200518,0
D,35,21200519,0
D,35,21200520,0
D,35,21200521,0
D,35,21200522,0
D,35,21200523,0
D,35,21200524,0
D,35,21200525,0
D,35,21200526,0
D,35,21200527,0
D,35,21200528,0
D,35,21200529,0
D,35,21200530,0
D,35,21200531,0
D,35,21200601,0
D,35,21200602,0
D,35,21200603,2
D,35,21200604,5
D,35,21200605,4
D,35,21200606,8
D,35,21200607,9
D,35,21200608,3
D,35,21200609,6
D,35,21200610,1
D,35,21200611,14
D,35,21200612,13
D,35,21200613,35
D,35,21200614,48
D,36,21200501,0
D,36,21200502,0
D,36,21200503,0
D,36,21200504,0
D,36,21200505,0
D,36,21200506,0
D,36,21200507,0
D,36,21200508,0
D,36,21200509,0
D,36,21200510,0
D,36,21200511,0
D,36,21200512,0
D,36,21200513,0
D,36,21200514,0
D,36,21200515,0
D,36,21200516,0
D,36,21200517,0
D,36,21200518,0
D,36,21200519,0
D,36,21200520,0
D,36,21200521,0
D,36,21200522,0
D,36,21200523,0
D,36,21200524,0
D,36,21200525,0
D,36,21200526,0
D,36,21200527,0
D,36,21200528,1
D,36,21200529,1
D,36,21200530,0
D,36,21200531,0
D,36,21200601,0
D,36,21200602,0
D,36,21200603,0
D,36,21200604,0
D,36,21200605,0
D,36,21200606,0
D,36,21200607,0
D,36,21200608,5
D,36,21200609,0
D,36,21200610,2
D,36,21200611,0
D,36,21200612,0
D,36,21200613,0
D,36,21200614,1
D,37,21200501,0
D,37,21200502,0
D,37,21200503,0
D,37,21200504,0
D,37,21200505,0
D,37,21200506,0
D,37,21200507,0
D,37,21200508,0
D,37,21200509,0
D,37,21200510,0
D,37,21200511,0
D,37,21200512,0
D,37,21200513,0
D,37,21200514,0
D,37,21200515,0
D,37,21200516,0
D,37,21200517,0
D,37,21200518,0
D,37,21200519,0
D,37,21200520,0
D,37,21200521,0
D,37,21200522,0
D,37,21200523,0
D,37,21200524,0
D,37,21200525,0
D,37,21200526,0
D,37,21200527,0
D,37,21200528,0
D,37,21200529,0
D,37,21200530,0
D,37,21200531,0
D,37,21200601,0
D,37,21200602,1
D,37,21200603,2
D,37,21200604,6
D,37,21200605,13
D,37,21200606,11
D,37,21200607,14
D,37,21200608,19
D,37,21200609,21
D,37,21200610,16
D,37,21200611,18
D,37,21200612,28
D,37,21200613,53
D,37,21200614,75
D,38,21200501,0
D,38,21200502,0
D,38,21200503,0
D,38,21200504,0
D,38,21200505,0
D,38,21200506,0
D,38,21200507,0
D,38,21200508,0
D,38,21200509,0
D,38,21200510,0
D,38,21200511,0
D,38,21200512,0
D,38,21200513,0
D,38,21200514,0
D,38,21200515,0
D,38,21200516,0
D,38,21200517,0
D,38,21200518,0
D,38,21200519,0
D,38,21200520,0
D,38,21200521,0
D,38,21200522,0
D,38,21200523,0
D,38,21200524,0
D,38,21200525,0
D,38,21200526,0
D,38,21200527,0
D,38,21200528,0
D,38,21200529,0
D,38,21200530,12
D,38,21200531,1
D,38,21200601,4
D,38,21200602,35
D,38,21200603,32
D,38,21200604,50
D,38,21200605,70
D,38,21200606,44
D,38,21200607,46
D,38,21200608,71
D,38,21200609,119
D,38,21200610,125
D,38,21200611,102
D,38,21200612,174
D,38,21200613,223
D,38,21200614,241
D,39,21200501,0
D,39,21200502,0
D,39,21200503,0
D,39,21200504,0
D,39,21200505,0
D,39,21200506,0
D,39,21200507,0
D,39,21200508,0
D,39,21200509,0
D,39,21200510,0
D,39,21200511,0
D,39,21200512,0
D,39,21200513,0
D,39,21200514,0
D,39,21200515,0
D,39,21200516,0
D,39,21200517,0
D,39,21200518,0
D,39,21200519,0
D,39,21200520,0
D,39,21200521,0
D,39,21200522,0
D,39,21200523,0
D,39,21200524,0
D,39,21200525,0
D,39,21200526,8
D,39,21200527,11
D,39,21200528,28
D,39,21200529,46
D,39,21200530,115
D,39,21200531,266
D,39,21200601,398
D,39,21200602,579
D,39,21200603,772
D,39,21200604,1296
D,39,21200605,585
D,39,21200606,499
D,39,21200607,489
D,39,21200608,759
D,39,21200609,931
D,39,21200610,1235
D,39,21200611,1365
D,39,21200612,1659
D,39,21200613,1906
D,39,21200614,2116
D,40,21200501,0
D,40,21200502,0
D,40,21200503,0
D,40,21200504,0
D,40,21200505,0
D,40,21200506,0
D,40,21200507,0
D,40,21200508,0
D,40,21200509,0
D,40,21200510,0
D,40,21200511,0
D,40,21200512,0
D,40,21200513,0
D,40,21200514,0
D,40,21200515,0
D,40,21200516,0
D,40,21200517,0
D,40,21200518,0
D,40,21200519,0
D,40,21200520,0
D,40,21200521,0
D,40,21200522,0
D,40,21200523,0
D,40,21200524,0
D,40,21200525,0
D,40,21200526,0
D,40,21200527,0
D,40,21200528,0
D,40,21200529,0
D,40,21200530,0
D,40,21200531,2
D,40,21200601,3
D,40,21200602,17
D,40,21200603,19
D,40,21200604,53
D,40,21200605,51
D,40,21200606,86
D,40,21200607,108
D,40,21200608,148
D,40,21200609,220
D,40,21200610,290
D,40,21200611,338
D,40,21200612,461
D,40,21200613,559
D,40,21200614,688
D,41,21200501,0
D,41,21200502,0
D,41,21200503,0
D,41,21200504,0
D,41,21200505,0
D,41,21200506,0
D,41,21200507,0
D,41,21200508,0
D,41,21200509,0
D,41,21200510,0
D,41,21200511,0
D,41,21200512,0
D,41,21200513,0
D,41,21200514,0
D,41,21200515,0
D,41,21200516,0
D,41,21200517,0
D,41,21200518,0
D,41,21200519,0
D,41,21200520,0
D,41,21200521,0
D,41,21200522,0
D,41,21200523,0
D,41,21200524,0
D,41,21200525,0
D,41,21200526,0
D,41,21200527,0
D,41,21200528,0
D,41,21200529,0
D,41,21200530,0
D,41,21200531,0
D,41,21200601,0
D,41,21200602,0
D,41,21200603,1
D,41,21200604,0
D,41,21200605,0
D,41,21200606,1
D,41,21200607,2
D,41,21200608,5
D,41,21200609,0
D,41,21200610,5
D,41,21200611,7
D,41,21200612,16
D,41,21200613,31
D,41,21200614,37
D,42,21200501,0
D,42,21200502,0
D,42,21200503,0
D,42,21200504,0
D,42,21200505,0
D,42,21200506,0
D,42,21200507,0
D,42,21200508,0
D,42,21200509,0
D,42,21200510,0
D,42,21200511,0
D,42,21200512,0
D,42,21200513,0
D,42,21200514,0
D,42,21200515,0
D,42,21200516,0
D,42,21200517,0
D,42,21200518,0
D,42,21200519,0
D,42,21200520,0
D,42,21200521,0
D,42,21200522,0
D,42,21200523,0
D,42,21200524,0
D,42,21200525,0
D,42,21200526,0
D,42,21200527,0
D,42,21200528,0
D,42,21200529,0
D,42,21200530,0
D,42,21200531,0
D,42,21200601,0
D,42,21200602,0
D,42,21200603,1
D,42,21200604,0
D,42,21200605,0
D,42,21200606,0
D,42,21200607,2
D,42,21200608,0
D,42,21200609,1
D,42,21200610,2
D,42,21200611,11
D,42,21200612,2
D,42,21200613,4
D,42,21200614,4
D,43,21200501,0
D,43,21200502,0
D,43,21200503,0
D,43,21200504,0
D,43,21200505,0
D,43,21200506,0
D,43,21200507,0
D,43,21200508,0
D,43,21200509,0
D,43,21200510,0
D,43,21200511,0
D,43,21200512,0
D,43,21200513,0
D,43,21200514,0
D,43,21200515,0
D,43,21200516,0
D,43,21200517,0
D,43,21200518,0
D,43,21200519,0
D,43,21200520,0
D,43,21200521,0
D,43,21200522,0
D,43,21200523,0
D,43,21200524,0
D,43,21200525,0
D,43,21200526,0
D,43,21200527,1
D,43,21200528,1
D,43,21200529,0
D,43,21200530,0
D,43,21200531,6
D,43,21200601,3
D,43,21200602,10
D,43,21200603,5
D,43,21200604,21
D,43,21200605,19
D,43,21200606,11
D,43,21200607,21
D,43,21200608,32
D,43,21200609,22
D,43,21200610,60
D,43,21200611,67
D,43,21200612,76
D,43,21200613,98
D,43,21200614,124
D,44,21200501,0
D,44,21200502,0
D,44,21200503,0
D,44,21200504,0
D,44,21200505,0
D,44,21200506,0
D,44,21200507,0
D,44,21200508,0
D,44,21200509,0
D,44,21200510,0
D,44,21200511,0
D,44,21200512,0
D,44,21200513,0
D,44,21200514,0
D,44,21200515,0
D,44,21200516,0
D,44,21200517,0
D,44,21200518,0
D,44,21200519,0
D,44,21200520,0
D,44,21200521,0
D,44,21200522,0
D,44,21200523,0
D,44,21200524,0
D,44,21200525,0
D,44,21200526,0
D,44,21200527,2
D,44,21200528,1
D,44,21200529,8
D,44,21200530,4
D,44,21200531,2
D,44,21200601,3
D,44,21200602,13
D,44,21200603,12
D,44,21200604,28
D,44,21200605,40
D,44,21200606,17
D,44,21200607,27
D,44,21200608,38
D,44,21200609,37
D,44,21200610,31
D,44,21200611,46
D,44,21200612,72
D,44,21200613,114
D,44,21200614,131
D,45,21200501,0
D,45,21200502,0
D,45,21200503,0
D,45,21200504,0
D,45,21200505,0
D,45,21200506,0
D,45,21200507,0
D,45,21200508,0
D,45,21200509,0
D,45,21200510,0
D,45,21200511,0
D,45,21200512,0
D,45,21200513,0
D,45,21200514,0
D,45,21200515,0
D,45,21200516,0
D,45,21200517,0
D,45,21200518,0
D,45,21200519,0
D,45,21200520,0
D,45,21200521,0
D,45,21200522,0
D,45,21200523,0
D,45,21200524,0
D,45,21200525,0
D,45,21200526,0
D,45,21200527,0
D,45,21200528,0
D,45,21200529,0
D,45,21200530,0
D,45,21200531,0
D,45,21200601,0
D,45,21200602,2
D,45,21200603,5
D,45,21200604,5
D,45,21200605,6
D,45,21200606,4
D,45,21200607,8
D,45,21200608,5
D,45,21200609,2
D,45,21200610,5
D,45,21200611,2
D,45,21200612,5
D,45,21200613,12
D,45,21200614,5
D,46,21200501,0
D,46,21200502,0
D,46,21200503,0
D,46,21200504,0
D,46,21200505,0
D,46,21200506,0
D,46,21200507,0
D,46,21200508,0
D,46,21200509,0
D,46,21200510,0
D,46,21200511,0
D,46,21200512,0
D,46,21200513,0
D,46,21200514,0
D,46,21200515,0
D,46,21200516,0
D,46,21200517,0
D,46,21200518,0
D,46,21200519,0
D,46,21200520,0
D,46,21200521,0
D,46,21200522,0
D,46,21200523,0
D,46,21200524,0
D,46,21200525,0
D,46,21200526,0
D,46,21200527,0
D,46,21200528,0
D,46,21200529,0
D,46,21200530,0
D,46,21200531,0
D,46,21200601,0
D,46,21200602,0
D,46,21200603,0
D,46,21200604,1
D,46,21200605,0
D,46,21200606,0
D,46,21200607,0
D,46,21200608,0
D,46,21200609,2
D,46,21200610,5
D,46,21200611,1
D,46,21200612,0
D,46,21200613,3
D,46,21200614,4
D,47,21200501,0
D,47,21200502,0
D,47,21200503,0
D,47,21200504,0
D,47,21200505,0
D,47,21200506,0
D,47,21200507,0
D,47,21200508,0
D,47,21200509,0
D,47,21200510,0
D,47,21200511,0
D,47,21200512,0
D,47,21200513,0
D,47,21200514,0
D,47,21200515,0
D,47,21200516,0
D,47,21200517,0
D,47,21200518,0
D,47,21200519,0
D,47,21200520,0
D,47,21200521,0
D,47,21200522,0
D,47,21200523,0
D,47,21200524,0
D,47,21200525,0
D,47,21200526,0
D,47,21200527,0
D,47,21200528,0
D,47,21200529,0
D,47,21200530,1
D,47,21200531,2
D,47,21200601,2
D,47,21200602,9
D,47,21200603,8
D,47,21200604,15
D,47,21200605,15
D,47,21200606,21
D,47,21200607,26
D,47,21200608,65
D,47,21200609,42
D,47,21200610,62
D,47,21200611,79
D,47,21200612,105
D,47,21200613,154
D,47,21200614,170
D,48,21200501,0
D,48,21200502,0
D,48,21200503,0
D,48,21200504,0
D,48,21200505,0
D,48,21200506,0
D,48,21200507,0
D,48,21200508,0
D,48,21200509,0
D,48,21200510,0
D,48,21200511,0
D,48,21200512,0
D,48,21200513,0
D,48,21200514,0
D,48,21200515,0
D,48,21200516,0
D,48,21200517,0
D,48,21200518,0
D,48,21200519,0
D,48,21200520,0
D,48,21200521,0
D,48,21200522,0
D,48,21200523,0
D,48,21200524,0
D,48,21200525,0
D,48,21200526,3
D,48,21200527,3
D,48,21200528,1
D,48,21200529,9
D,48,21200530,6
D,48,21200531,17
D,48,21200601,30
D,48,21200602,31
D,48,21200603,56
D,48,21200604,32
D,48,21200605,28
D,48,21200606,53
D,48,21200607,56
D,48,21200608,122
D,48,21200609,122
D,48,21200610,109
D,48,21200611,162
D,48,21200612,191
D,48,21200613,262
D,48,21200614,308
D,49,21200501,0
D,49,21200502,0
D,49,21200503,0
D,49,21200504,0
D,49,21200505,0
D,49,21200506,0
D,49,21200507,0
D,49,21200508,0
D,49,21200509,0
D,49,21200510,0
D,49,21200511,0
D,49,21200512,0
D,49,21200513,0
D,49,21200514,0
D,49,21200515,0
D,49,21200516,0
D,49,21200517,0
D,49,21200518,0
D,49,21200519,0
D,49,21200520,0
D,49,21200521,0
D,49,21200522,0
D,49,21200523,0
D,49,21200524,0
D,49,21200525,0
D,49,21200526,0
D,49,21200527,0
D,49,21200528,0
D,49,21200529,0
D,49,21200530,0
D,49,21200531,0
D,49,21200601,3
D,49,21200602,6
D,49,21200603,19
D,49,21200604,15
D,49,21200605,6
D,49,21200606,1
D,49,21200607,0
D,49,21200608,20
D,49,21200609,11
D,49,21200610,12
D,49,21200611,3
D,49,21200612,10
D,49,21200613,24
D,49,21200614,32
D,50,21200501,0
D,50,21200502,0
D,50,21200503,0
D,50,21200504,0
D,50,21200505,0
D,50,21200506,0
D,50,21200507,0
D,50,21200508,0
D,50,21200509,0
D,50,21200510,0
D,50,21200511,0
D,50,21200512,0
D,50,21200513,0
D,50,21200514,0
D,50,21200515,0
D,50,21200516,0
D,50,21200517,0
D,50,21200518,0
D,50,21200519,0
D,50,21200520,0
D,50,21200521,0
D,50,21200522,0
D,50,21200523,0
D,50,21200524,0
D,50,21200525,0
D,50,21200526,0
D,50,21200527,0
D,50,21200528,0
D,50,21200529,6
D,50,21200530,0
D,50,21200531,1
D,50,21200601,1
D,50,21200602,2
D,50,21200603,6
D,50,21200604,2
D,50,21200605,1
D,50,21200606,4
D,50,21200607,6
D,50,21200608,7
D,50,21200609,6
D,50,21200610,9
D,50,21200611,13
D,50,21200612,12
D,50,21200613,7
D,50,21200614,17
D,51,21200501,0
D,51,21200502,0
D,51,21200503,0
D,51,21200504,0
D,51,21200505,0
D,51,21200506,0
D,51,21200507,0
D,51,21200508,0
D,51,21200509,0
D,51,21200510,0
D,51,21200511,0
D,51,21200512,0
D,51,21200513,0
D,51,21200514,0
D,51,21200515,0
D,51,21200516,0
D,51,21200517,0
D,51,21200518,0
D,51,21200519,0
D,51,21200520,0
D,51,21200521,0
D,51,21200522,0
D,51,21200523,0
D,51,21200524,0
D,51,21200525,0
D,51,21200526,0
D,51,21200527,0
D,51,21200528,0
D,51,21200529,0
D,51,21200530,0
D,51,21200531,0
D,51,21200601,0
D,51,21200602,0
D,51,21200603,1
D,51,21200604,0
D,51,21200605,1
D,51,21200606,0
D,51,21200607,6
D,51,21200608,1
D,51,21200609,3
D,51,21200610,1
D,51,21200611,1
D,51,21200612,3
D,51,21200613,7
D,51,21200614,3
D,52,21200501,0
D,52,21200502,0
D,52,21200503,0
D,52,21200504,0
D,52,21200505,0
D,52,21200506,0
D,52,21200507,0
D,52,21200508,0
D,52,21200509,0
D,52,21200510,0
D,52,21200511,0
D,52,21200512,0
D,52,21200513,0
D,52,21200514,0
D,52,21200515,0
D,52,21200516,0
D,52,21200517,0
D,52,21200518,0
D,52,21200519,0
D,52,21200520,0
D,52,21200521,0
D,52,21200522,0
D,52,21200523,0
D,52,21200524,0
D,52,21200525,0
D,52,21200526,0
D,52,21200527,0
D,52,21200528,0
D,52,21200529,0
D,52,21200530,0
D,52,21200531,0
D,52,21200601,0
D,52,21200602,0
D,52,21200603,3
D,52,21200604,16
D,52,21200605,3
D,52,21200606,2
D,52,21200607,15
D,52,21200608,16
D,52,21200609,11
D,52,21200610,8
D,52,21200611,22
D,52,21200612,54
D,52,21200613,37
D,52,21200614,39
D,53,21200501,0
D,53,21200502,0
D,53,21200503,0
D,53,21200504,0
D,53,21200505,0
D,53,21200506,0
D,53,21200507,0
D,53,21200508,0
D,53,21200509,0
D,53,21200510,0
D,53,21200511,0
D,53,21200512,0
D,53,21200513,0
D,53,21200514,0
D,53,21200515,0
D,53,21200516,0
D,53,21200517,0
D,53,21200518,0
D,53,21200519,0
D,53,21200520,0
D,53,21200521,0
D,53,21200522,0
D,53,21200523,0
D,53,21200524,0
D,53,21200525,0
D,53,21200526,0
D,53,21200527,2
D,53,21200528,0
D,53,21200529,2
D,53,21200530,0
D,53,21200531,0
D,53,21200601,0
D,53,21200602,1
D,53,21200603,3
D,53,21200604,7
D,53,21200605,3
D,53,21200606,2
D,53,21200607,3
D,53,21200608,6
D,53,21200609,6
D,53,21200610,3
D,53,21200611,4
D,53,21200612,3
D,53,21200613,2
D,53,21200614,9
D,54,21200501,0
D,54,21200502,0
D,54,21200503,0
D,54,21200504,0
D,54,21200505,0
D,54,21200506,0
D,54,21200507,0
D,54,21200508,0
D,54,21200509,0
D,54,21200510,0
D,54,21200511,0
D,54,21200512,0
D,54,21200513,0
D,54,21200514,0
D,54,21200515,0
D,54,21200516,0
D,54,21200517,0
D,54,21200518,0
D,54,21200519,0
D,54,21200520,0
D,54,21200521,0
D,54,21200522,0
D,54,21200523,0
D,54,21200524,0
D,54,21200525,0
D,54,21200526,0
D,54,21200527,0
D,54,21200528,0
D,54,21200529,0
D,54,21200530,3
D,54,21200531,1
D,54,21200601,1
D,54,21200602,0
D,54,21200603,0
D,54,21200604,2
D,54,21200605,1
D,54,21200606,2
D,54,21200607,1
D,54,21200608,4
D,54,21200609,0
D,54,21200610,0
D,54,21200611,1
D,54,21200612,2
D,54,21200613,6
D,54,21200614,4
D,55,21200501,0
D,55,21200502,0
D,55,21200503,0
D,55,21200504,0
D,55,21200505,0
D,55,21200506,0
D,55,21200507,0
D,55,21200508,0
D,55,21200509,0
D,55,21200510,0
D,55,21200511,0
D,55,21200512,0
D,55,21200513,0
D,55,21200514,0
D,55,21200515,0
D,55,21200516,0
D,55,21200517,0
D,55,21200518,0
D,55,21200519,0
D,55,21200520,0
D,55,21200521,0
D,55,21200522,0
D,55,21200523,0
D,55,21200524,0
D,55,21200525,1
D,55,21200526,0
D,55,21200527,0
D,55,21200528,0
D,55,21200529,0
D,55,21200530,3
D,55,21200531,5
D,55,21200601,7
D,55,21200602,8
D,55,21200603,8
D,55,21200604,10
D,55,21200605,21
D,55,21200606,4
D,55,21200607,19
D,55,21200608,29
D,55,21200609,33
D,55,21200610,35
D,55,21200611,71
D,55,21200612,87
D,55,21200613,116
D,55,21200614,96
D,56,21200501,0
D,56,21200502,0
D,56,21200503,0
D,56,21200504,0
D,56,21200505,0
D,56,21200506,0
D,56,21200507,0
D,56,21200508,0
D,56,21200509,0
D,56,21200510,0
D,56,21200511,0
D,56,21200512,0
D,56,21200513,0
D,56,21200514,0
D,56,21200515,0
D,56,21200516,0
D,56,21200517,0
D,56,21200518,0
D,56,21200519,0
D,56,21200520,0
D,56,21200521,0
D,56,21200522,0
D,56,21200523,0
D,56,21200524,0
D,56,21200525,0
D,56,21200526,17
D,56,21200527,0
D,56,21200528,0
D,56,21200529,0
D,56,21200530,0
D,56,21200531,0
D,56,21200601,0
D,56,21200602,2
D,56,21200603,1
D,56,21200604,6
D,56,21200605,0
D,56,21200606,1
D,56,21200607,0
D,56,21200608,3
D,56,21200609,3
D,56,21200610,0
D,56,21200611,0
D,56,21200612,3
D,56,21200613,4
D,56,21200614,0
D,57,21200501,0
D,57,21200502,0
D,57,21200503,0
D,57,21200504,0
D,57,21200505,0
D,57,21200506,0
D,57,21200507,0
D,57,21200508,0
D,57,21200509,0
D,57,21200510,0
D,57,21200511,0
D,57,21200512,0
D,57,21200513,0
D,57,21200514,0
D,57,21200515,0
D,57,21200516,0
D,57,21200517,0
D,57,21200518,0
D,57,21200519,0
D,57,21200520,0
D,57,21200521,0
D,57,21200522,0
D,57,21200523,0
D,57,21200524,0
D,57,21200525,2
D,57,21200526,4
D,57,21200527,3
D,57,21200528,1
D,57,21200529,0
D,57,21200530,3
D,57,21200531,0
D,57,21200601,0
D,57,21200602,1
D,57,21200603,9
D,57,21200604,6
D,57,21200605,3
D,57,21200606,3
D,57,21200607,7
D,57,21200608,7
D,57,21200609,0
D,57,21200610,10
D,57,21200611,8
D,57,21200612,16
D,57,21200613,15
D,57,21200614,7
D,58,21200501,0
D,58,21200502,0
D,58,21200503,0
D,58,21200504,0
D,58,21200505,0
D,58,21200506,0
D,58,21200507,0
D,58,21200508,0
D,58,21200509,0
D,58,21200510,0
D,58,21200511,0
D,58,21200512,0
D,58,21200513,0
D,58,21200514,0
D,58,21200515,0
D,58,21200516,0
D,58,21200517,0
D,58,21200518,0
D,58,21200519,0
D,58,21200520,0
D,58,21200521,0
D,58,21200522,0
D,58,21200523,0
D,58,21200524,0
D,58,21200525,0
D,58,21200526,0
D,58,21200527,0
D,58,21200528,0
D,58,21200529,0
D,58,21200530,0
D,58,21200531,0
D,58,21200601,0
D,58,21200602,0
D,58,21200603,1
D,58,21200604,0
D,58,21200605,0
D,58,21200606,4
D,58,21200607,0
D,58,21200608,0
D,58,21200609,1
D,58,21200610,0
D,58,21200611,0
D,58,21200612,0
D,58,21200613,1
D,58,21200614,1
D,59,21200501,0
D,59,21200502,0
D,59,21200503,0
D,59,21200504,0
D,59,21200505,0
D,59,21200506,0
D,59,21200507,0
D,59,21200508,0
D,59,21200509,0
D,59,21200510,0
D,59,21200511,0
D,59,21200512,0
D,59,21200513,0
D,59,21200514,0
D,59,21200515,0
D,59,21200516,0
D,59,21200517,0
D,59,21200518,0
D,59,21200519,0
D,59,21200520,0
D,59,21200521,0
D,59,21200522,0
D,59,21200523,0
D,59,21200524,0
D,59,21200525,0
D,59,21200526,0
D,59,21200527,0
D,59,21200528,0
D,59,21200529,0
D,59,21200530,3
D,59,21200531,0
D,59,21200601,0
D,59,21200602,0
D,59,21200603,5
D,59,21200604,8
D,59,21200605,6
D,59,21200606,6
D,59,21200607,7
D,59,21200608,9
D,59,21200609,13
D,59,21200610,6
D,59,21200611,7
D,59,21200612,13
D,59,21200613,21
D,59,21200614,24
D,60,21200501,0
D,60,21200502,0
D,60,21200503,0
D,60,21200504,0
D,60,21200505,0
D,60,21200506,0
D,60,21200507,0
D,60,21200508,0
D,60,21200509,0
D,60,21200510,0
D,60,21200511,0
D,60,21200512,0
D,60,21200513,0
D,60,21200514,0
D,60,21200515,0
D,60,21200516,0
D,60,21200517,0
D,60,21200518,0
D,60,21200519,0
D,60,21200520,0
D,60,21200521,0
D,60,21200522,0
D,60,21200523,0
D,60,21200524,0
D,60,21200525,0
D,60,21200526,0
D,60,21200527,0
D,60,21200528,0
D,60,21200529,0
D,60,21200530,0
D,60,21200531,0
D,60,21200601,1
D,60,21200602,0
D,60,21200603,0
D,60,21200604,18
D,60,21200605,13
D,60,21200606,15
D,60,21200607,5
D,60,21200608,19
D,60,21200609,21
D,60,21200610,22
D,60,21200611,31
D,60,21200612,55
D,60,21200613,79
D,60,21200614,66
D,61,21200501,0
D,61,21200502,0
D,61,21200503,0
D,61,21200504,0
D,61,21200505,0
D,61,21200506,0
D,61,21200507,0
D,61,21200508,0
D,61,21200509,0
D,61,21200510,0
D,61,21200511,0
D,61,21200512,0
D,61,21200513,0
D,61,21200514,0
D,61,21200515,0
D,61,21200516,0
D,61,21200517,0
D,61,21200518,0
D,61,21200519,0
D,61,21200520,0
D,61,21200521,0
D,61,21200522,0
D,61,21200523,0
D,61,21200524,0
D,61,21200525,0
D,61,21200526,0
D,61,21200527,0
D,61,21200528,0
D,61,21200529,0
D,61,21200530,1
D,61,21200531,0
D,61,21200601,0
D,61,21200602,2
D,61,21200603,0
D,61,21200604,7
D,61,21200605,12
D,61,21200606,12
D,61,21200607,9
D,61,21200608,8
D,61,21200609,8
D,61,21200610,19
D,61,21200611,19
D,61,21200612,30
D,61,21200613,26
D,61,21200614,41
D,62,21200501,0
D,62,21200502,0
D,62,21200503,0
D,62,21200504,0
D,62,21200505,0
D,62,21200506,0
D,62,21200507,0
D,62,21200508,0
D,62,21200509,0
D,62,21200510,0
D,62,21200511,0
D,62,21200512,0
D,62,21200513,0
D,62,21200514,0
D,62,21200515,0
D,62,21200516,0
D,62,21200517,0
D,62,21200518,0
D,62,21200519,0
D,62,21200520,0
D,62,21200521,0
D,62,21200522,0
D,62,21200523,0
D,62,21200524,0
D,62,21200525,0
D,62,21200526,0
D,62,21200527,0
D,62,21200528,0
D,62,21200529,0
D,62,21200530,0
D,62,21200531,0
D,62,21200601,0
D,62,21200602,0
D,62,21200603,0
D,62,21200604,0
D,62,21200605,3
D,62,21200606,2
D,62,21200607,1
D,62,21200608,8
D,62,21200609,2
D,62,21200610,2
D,62,21200611,2
D,62,21200612,2
D,62,21200613,18
D,62,21200614,10
D,63,21200501,0
D,63,21200502,0
D,63,21200503,0
D,63,21200504,0
D,63,21200505,0
D,63,21200506,0
D,63,21200507,0
D,63,21200508,0
D,63,21200509,0
D,63,21200510,0
D,63,21200511,0
D,63,21200512,0
D,63,21200513,0
D,63,21200514,0
D,63,21200515,0
D,63,21200516,0
D,63,21200517,0
D,63,21200518,0
D,63,21200519,0
D,63,21200520,0
D,63,21200521,0
D,63,21200522,0
D,63,21200523,0
D,63,21200524,0
D,63,21200525,0
D,63,21200526,0
D,63,21200527,0
D,63,21200528,0
D,63,21200529,0
D,63,21200530,0
D,63,21200531,0
D,63,21200601,0
D,63,21200602,0
D,63,21200603,0
D,63,21200604,2
D,63,21200605,8
D,63,21200606,0
D,63,21200607,4
D,63,21200608,19
D,63,21200609,11
D,63,21200610,9
D,63,21200611,41
D,63,21200612,40
D,63,21200613,59
D,63,21200614,40
D,64,21200501,0
D,64,21200502,0
D,64,21200503,0
D,64,21200504,0
D,64,21200505,0
D,64,21200506,0
D,64,21200507,0
D,64,21200508,0
D,64,21200509,0
D,64,21200510,0
D,64,21200511,0
D,64,21200512,0
D,64,21200513,0
D,64,21200514,0
D,64,21200515,0
D,64,21200516,0
D,64,21200517,0
D,64,21200518,0
D,64,21200519,0
D,64,21200520,0
D,64,21200521,0
D,64,21200522,0
D,64,21200523,0
D,64,21200524,0
D,64,21200525,0
D,64,21200526,0
D,64,21200527,0
D,64,21200528,0
D,64,21200529,0
D,64,21200530,0
D,64,21200531,0
D,64,21200601,0
D,64,21200602,0
D,64,21200603,0
D,64,21200604,0
D,64,21200605,0
D,64,21200606,0
D,64,21200607,1
D,64,21200608,0
D,64,21200609,0
D,64,21200610,0
D,64,21200611,0
D,64,21200612,0
D,64,21200613,0
D,64,21200614,3
D,65,21200501,0
D,65,21200502,0
D,65,21200503,0
D,65,21200504,0
D,65,21200505,0
D,65,21200506,0
D,65,21200507,0
D,65,21200508,0
D,65,21200509,0
D,65,21200510,0
D,65,21200511,0
D,65,21200512,0
D,65,21200513,0
D,65,21200514,0
D,65,21200515,0
D,65,21200516,0
D,65,21200517,0
D,65,21200518,0
D,65,21200519,0
D,65,21200520,0
D,65,21200521,0
D,65,21200522,0
D,65,21200523,0
D,65,21200524,0
D,65,21200525,0
D,65,21200526,0
D,65,21200527,0
D,65,21200528,0
D,65,21200529,0
D,65,21200530,0
D,65,21200531,1
D,65,21200601,0
D,65,21200602,1
D,65,21200603,2
D,65,21200604,3
D,65,21200605,7
D,65,21200606,7
D,65,21200607,14
D,65,21200608,7
D,65,21200609,14
D,65,21200610,16
D,65,21200611,37
D,65,21200612,43
D,65,21200613,50
D,65,21200614,54
D,66,21200501,0
D,66,21200502,0
D,66,21200503,0
D,66,21200504,0
D,66,21200505,0
D,66,21200506,0
D,66,21200507,0
D,66,21200508,0
D,66,21200509,0
D,66,21200510,0
D,66,21200511,0
D,66,21200512,0
D,66,21200513,0
D,66,21200514,0
D,66,21200515,0
D,66,21200516,0
D,66,21200517,0
D,66,21200518,0
D,66,21200519,0
D,66,21200520,0
D,66,21200521,0
D,66,21200522,0
D,66,21200523,0
D,66,21200524,0
D,66,21200525,0
D,66,21200526,0
D,66,21200527,0
D,66,21200528,0
D,66,21200529,0
D,66,21200530,0
D,66,21200531,0
D,66,21200601,0
D,66,21200602,0
D,66,21200603,0
D,66,21200604,1
D,66,21200605,0
D,66,21200606,0
D,66,21200607,0
D,66,21200608,0
D,66,21200609,0
D,66,21200610,3
D,66,21200611,2
D,66,21200612,1
D,66,21200613,2
D,66,21200614,2
D,67,21200501,0
D,67,21200502,0
D,67,21200503,0
D,67,21200504,0
D,67,21200505,0
D,67,21200506,0
D,67,21200507,0
D,67,21200508,0
D,67,21200509,0
D,67,21200510,0
D,67,21200511,0
D,67,21200512,0
D,67,21200513,0
D,67,21200514,0
D,67,21200515,0
D,67,21200516,0
D,67,21200517,0
D,67,21200518,0
D,67,21200519,0
D,67,21200520,0
D,67,21200521,0
D,67,21200522,0
D,67,21200523,0
D,67,21200524,0
D,67,21200525,0
D,67,21200526,0
D,67,21200527,0
D,67,21200528,0
D,67,21200529,28
D,67,21200530,1
D,67,21200531,45
D,67,21200601,20
D,67,21200602,62
D,67,21200603,153
D,67,21200604,152
D,67,21200605,46
D,67,21200606,35
D,67,21200607,71
D,67,21200608,55
D,67,21200609,34
D,67,21200610,27
D,67,21200611,41
D,67,21200612,28
D,67,21200613,75
D,67,21200614,44
D,68,21200501,0
D,68,21200502,0
D,68,21200503,0
D,68,21200504,0
D,68,21200505,0
D,68,21200506,0
D,68,21200507,0
D,68,21200508,0
D,68,21200509,0
D,68,21200510,0
D,68,21200511,0
D,68,21200512,0
D,68,21200513,0
D,68,21200514,0
D,68,21200515,0
D,68,21200516,0
D,68,21200517,0
D,68,21200518,0
D,68,21200519,0
D,68,21200520,0
D,68,21200521,0
D,68,21200522,0
D,68,21200523,0
D,68,21200524,0
D,68,21200525,0
D,68,21200526,0
D,68,21200527,0
D,68,21200528,0
D,68,21200529,0
D,68,21200530,0
D,68,21200531,0
D,68,21200601,0
D,68,21200602,2
D,68,21200603,1
D,68,21200604,0
D,68,21200605,1
D,68,21200606,9
D,68,21200607,3
D,68,21200608,2
D,68,21200609,1
D,68,21200610,4
D,68,21200611,2
D,68,21200612,3
D,68,21200613,7
D,68,21200614,13
D,69,21200501,0
D,69,21200502,0
D,69,21200503,0
D,69,21200504,0
D,69,21200505,0
D,69,21200506,0
D,69,21200507,0
D,69,21200508,0
D,69,21200509,0
D,69,21200510,0
D,69,21200511,0
D,69,21200512,0
D,69,21200513,0
D,69,21200514,0
D,69,21200515,0
D,69,21200516,0
D,69,21200517,0
D,69,21200518,0
D,69,21200519,0
D,69,21200520,0
D,69,21200521,0
D,69,21200522,0
D,69,21200523,0
D,69,21200524,0
D,69,21200525,0
D,69,21200526,0
D,69,21200527,1
D,69,21200528,0
D,69,21200529,3
D,69,21200530,0
D,69,21200531,0
D,69,21200601,0
D,69,21200602,7
D,69,21200603,0
D,69,21200604,3
D,69,21200605,13
D,69,21200606,1
D,69,21200607,5
D,69,21200608,1
D,69,21200609,11
D,69,21200610,11
D,69,21200611,8
D,69,21200612,12
D,69,21200613,16
D,69,21200614,24
D,70,21200501,0
D,70,21200502,0
D,70,21200503,0
D,70,21200504,0
D,70,21200505,0
D,70,21200506,0
D,70,21200507,0
D,70,21200508,0
D,70,21200509,0
D,70,21200510,0
D,70,21200511,0
D,70,21200512,0
D,70,21200513,0
D,70,21200514,0
D,70,21200515,0
D,70,21200516,0
D,70,21200517,0
D,70,21200518,0
D,70,21200519,0
D,70,21200520,0
D,70,21200521,0
D,70,21200522,0
D,70,21200523,0
D,70,21200524,0
D,70,21200525,0
D,70,21200526,3
D,70,21200527,1
D,70,21200528,0
D,70,21200529,1
D,70,21200530,2
D,70,21200531,0
D,70,21200601,6
D,70,21200602,6
D,70,21200603,19
D,70,21200604,18
D,70,21200605,10
D,70,21200606,7
D,70,21200607,12
D,70,21200608,14
D,70,21200609,1
D,70,21200610,11
D,70,21200611,20
D,70,21200612,29
D,70,21200613,19
D,70,21200614,30
D,71,21200501,0
D,71,21200502,0
D,71,21200503,0
D,71,21200504,0
D,71,21200505,0
D,71,21200506,0
D,71,21200507,0
D,71,21200508,0
D,71,21200509,0
D,71,21200510,0
D,71,21200511,0
D,71,21200512,0
D,71,21200513,0
D,71,21200514,0
D,71,21200515,0
D,71,21200516,0
D,71,21200517,0
D,71,21200518,0
D,71,21200519,0
D,71,21200520,0
D,71,21200521,0
D,71,21200522,0
D,71,21200523,0
D,71,21200524,0
D,71,21200525,0
D,71,21200526,0
D,71,21200527,0
D,71,21200528,1
D,71,21200529,0
D,71,21200530,5
D,71,21200531,5
D,71,21200601,10
D,71,21200602,19
D,71,21200603,3
D,71,21200604,12
D,71,21200605,1
D,71,21200606,13
D,71,21200607,21
D,71,21200608,12
D,71,21200609,15
D,71,21200610,6
D,71,21200611,27
D,71,21200612,28
D,71,21200613,35
D,71,21200614,36
D,72,21200501,0
D,72,21200502,0
D,72,21200503,0
D,72,21200504,0
D,72,21200505,0
D,72,21200506,0
D,72,21200507,0
D,72,21200508,0
D,72,21200509,0
D,72,21200510,0
D,72,21200511,0
D,72,21200512,0
D,72,21200513,0
D,72,21200514,0
D,72,21200515,0
D,72,21200516,0
D,72,21200517,0
D,72,21200518,0
D,72,21200519,0
D,72,21200520,0
D,72,21200521,0
D,72,21200522,0
D,72,21200523,0
D,72,21200524,0
D,72,21200525,0
D,72,21200526,0
D,72,21200527,0
D,72,21200528,0
D,72,21200529,1
D,72,21200530,1
D,72,21200531,8
D,72,21200601,0
D,72,21200602,20
D,72,21200603,13
D,72,21200604,8
D,72,21200605,34
D,72,21200606,11
D,72,21200607,22
D,72,21200608,23
D,72,21200609,13
D,72,21200610,10
D,72,21200611,12
D,72,21200612,16
D,72,21200613,25
D,72,21200614,37
D,73,21200501,0
D,73,21200502,0
D,73,21200503,0
D,73,21200504,0
D,73,21200505,0
D,73,21200506,0
D,73,21200507,0
D,73,21200508,0
D,73,21200509,0
D,73,21200510,0
D,73,21200511,0
D,73,21200512,0
D,73,21200513,0
D,73,21200514,0
D,73,21200515,0
D,73,21200516,0
D,73,21200517,0
D,73,21200518,0
D,73,21200519,0
D,73,21200520,0
D,73,21200521,0
D,73,21200522,0
D,73,21200523,0
D,73,21200524,0
D,73,21200525,0
D,73,21200526,0
D,73,21200527,0
D,73,21200528,0
D,73,21200529,0
D,73,21200530,2
D,73,21200531,3
D,73,21200601,1
D,73,21200602,2
D,73,21200603,3
D,73,21200604,18
D,73,21200605,8
D,73,21200606,8
D,73,21200607,14
D,73,21200608,23
D,73,21200609,25
D,73,21200610,27
D,73,21200611,37
D,73,21200612,55
D,73,21200613,51
D,73,21200614,80
D,74,21200501,0
D,74,21200502,0
D,74,21200503,0
D,74,21200504,0
D,74,21200505,0
D,74,21200506,0
D,74,21200507,0
D,74,21200508,0
D,74,21200509,0
D,74,21200510,0
D,74,21200511,0
D,74,21200512,0
D,74,21200513,0
D,74,21200514,0
D,74,21200515,0
D,74,21200516,0
D,74,21200517,0
D,74,21200518,0
D,74,21200519,0
D,74,21200520,0
D,74,21200521,0
D,74,21200522,0
D,74,21200523,0
D,74,21200524,0
D,74,21200525,0
D,74,21200526,0
D,74,21200527,0
D,74,21200528,0
D,74,21200529,5
D,74,21200530,0
D,74,21200531,6
D,74,21200601,4
D,74,21200602,2
D,74,21200603,15
D,74,21200604,32
D,74,21200605,40
D,74,21200606,13
D,74,21200607,16
D,74,21200608,20
D,74,21200609,20
D,74,21200610,33
D,74,21200611,31
D,74,21200612,33
D,74,21200613,21
D,74,21200614,58
